No,Name,Generation,Type1,Type2,Category,Mega_Evolution_Flag,Region_Forme,HP,Attack,Defense,SP_Attack,SP_Defense,Speed,Total
1,Bulbasaur,1,Grass,Poison,Ordinary,,,45,49,49,65,65,45,318
2,Ivysaur,1,Grass,Poison,Ordinary,,,60,62,63,80,80,60,405
3,Venusaur,1,Grass,Poison,Ordinary,,,80,82,83,100,100,80,525
3,Venusaur(Mega EV),1,Grass,Poison,Ordinary,Mega,,80,100,123,122,120,80,625
4,Charmander,1,Fire,,Ordinary,,,39,52,43,60,50,65,309
5,Charmeleon,1,Fire,,Ordinary,,,58,64,58,80,65,80,405
6,Charizard,1,Fire,Flying,Ordinary,,,78,84,78,109,85,100,534
6,Charizard(Mega EV X),1,Fire,Dragon,Ordinary,Mega,,78,130,111,130,85,100,634
6,Charizard(Mega EV Y),1,Fire,Flying,Ordinary,Mega,,78,104,78,159,115,100,634
7,Squirtle,1,Water,,Ordinary,,,44,48,65,50,64,43,314
8,Wartortle,1,Water,,Ordinary,,,59,63,80,65,80,58,405
9,Blastoise,1,Water,,Ordinary,,,79,83,100,85,105,78,530
9,Blastoise(Mega EV),1,Water,,Ordinary,Mega,,79,103,120,135,115,78,630
10,Caterpie,1,Bug,,Ordinary,,,45,30,35,20,20,45,195
11,Metapod,1,Bug,,Ordinary,,,50,20,55,25,25,30,205
12,Butterfree,1,Bug,Flying,Ordinary,,,60,45,50,90,80,70,395
13,Weedle,1,Bug,Poison,Ordinary,,,40,35,30,20,20,50,195
14,Kakuna,1,Bug,Poison,Ordinary,,,45,25,50,25,25,35,205
15,Beedrill,1,Bug,Poison,Ordinary,,,65,90,40,45,80,75,395
15,Beedrill(Mega EV),1,Bug,Poison,Ordinary,Mega,,65,150,40,15,80,145,495
16,Pidgey,1,Normal,Flying,Ordinary,,,40,45,40,35,35,56,251
17,Pidgeotto,1,Normal,Flying,Ordinary,,,63,60,55,50,50,71,349
18,Pidgeot,1,Normal,Flying,Ordinary,,,83,80,75,70,70,101,479
18,Pidgeot(Mega EV),1,Normal,Flying,Ordinary,Mega,,83,80,80,135,80,121,579
19,Rattata,1,Normal,,Ordinary,,,30,56,35,25,35,72,253
19,Rattata(Alolan),7,Dark,Normal,Ordinary,,Alolan,30,56,35,25,35,72,253
20,Raticate,1,Normal,,Ordinary,,,55,81,60,50,70,97,413
20,Raticate(Alolan),7,Dark,Normal,Ordinary,,Alolan,75,71,70,40,80,77,413
21,Spearow,1,Normal,Flying,Ordinary,,,40,60,30,31,31,70,262
22,Fearow,1,Normal,Flying,Ordinary,,,65,90,65,61,61,100,442
23,Ekans,1,Poison,,Ordinary,,,35,60,44,40,54,55,288
24,Arbok,1,Poison,,Ordinary,,,60,95,69,65,79,80,448
25,Pikachu,1,Electric,,Ordinary,,,35,55,40,50,50,90,320
26,Raichu,1,Electric,,Ordinary,,,60,90,55,90,80,110,485
26,Raichu(Alolan),7,Electric,Psychic,Ordinary,,Alolan,60,85,50,95,85,110,485
27,Sandshrew,1,Ground,,Ordinary,,,50,75,85,20,30,40,300
27,Sandshrew(Alolan),7,Ice,Steel,Ordinary,,Alolan,50,75,90,10,35,40,300
28,Sandslash,1,Ground,,Ordinary,,,75,100,110,45,55,65,450
28,Sandslash(Alolan),7,Ice,Steel,Ordinary,,Alolan,75,100,120,25,65,65,450
29,Nidoran F,1,Poison,,Ordinary,,,55,47,52,40,40,41,275
30,Nidorina,1,Poison,,Ordinary,,,70,62,67,55,55,56,365
31,Nidoqueen,1,Poison,Ground,Ordinary,,,90,92,87,75,85,76,505
32,Nidoran M,1,Poison,,Ordinary,,,46,57,40,40,40,50,273
33,Nidorino,1,Poison,,Ordinary,,,61,72,57,55,55,65,365
34,Nidoking,1,Poison,Ground,Ordinary,,,81,102,77,85,75,85,505
35,Clefairy,1,Fairy,,Ordinary,,,70,45,48,60,65,35,323
36,Clefable,1,Fairy,,Ordinary,,,95,70,73,95,90,60,483
37,Vulpix,1,Fire,,Ordinary,,,38,41,40,50,65,65,299
37,Vulpix(Alolan),7,Ice,,Ordinary,,Alolan,38,41,40,50,65,65,299
38,Ninetales,1,Fire,,Ordinary,,,73,76,75,81,100,100,505
38,Ninetales(Alolan),7,Ice,Fairy,Ordinary,,Alolan,73,67,75,81,100,109,505
39,Jigglypuff,1,Normal,Fairy,Ordinary,,,115,45,20,45,25,20,270
40,Wigglytuff,1,Normal,Fairy,Ordinary,,,140,70,45,85,50,45,435
41,Zubat,1,Poison,Flying,Ordinary,,,40,45,35,30,40,55,245
42,Golbat,1,Poison,Flying,Ordinary,,,75,80,70,65,75,90,455
43,Oddish,1,Grass,Poison,Ordinary,,,45,50,55,75,65,30,320
44,Gloom,1,Grass,Poison,Ordinary,,,60,65,70,85,75,40,395
45,Vileplume,1,Grass,Poison,Ordinary,,,75,80,85,110,90,50,490
46,Paras,1,Bug,Grass,Ordinary,,,35,70,55,45,55,25,285
47,Parasect,1,Bug,Grass,Ordinary,,,60,95,80,60,80,30,405
48,Venonat,1,Bug,Poison,Ordinary,,,60,55,50,40,55,45,305
49,Venomoth,1,Bug,Poison,Ordinary,,,70,65,60,90,75,90,450
50,Diglett,1,Ground,,Ordinary,,,10,55,25,35,45,95,265
50,Diglett(Alolan),7,Ground,Steel,Ordinary,,Alolan,10,55,30,35,45,90,265
51,Dugtrio,1,Ground,,Ordinary,,,35,100,50,50,70,120,425
51,Dugtrio(Alolan),7,Ground,Steel,Ordinary,,Alolan,35,100,60,50,70,110,425
52,Meowth,1,Normal,,Ordinary,,,40,45,35,40,40,90,290
52,Meowth(Alolan),7,Dark,,Ordinary,,Alolan,40,35,35,50,40,90,290
52,Meowth(Galarian),8,Steel,,Ordinary,,Galarian,50,65,55,40,40,40,290
53,Persian,1,Normal,,Ordinary,,,65,70,60,65,65,115,440
53,Persian(Alolan),7,Dark,,Ordinary,,Alolan,65,60,60,75,65,115,440
54,Psyduck,1,Water,,Ordinary,,,50,52,48,65,50,55,320
55,Golduck,1,Water,,Ordinary,,,80,82,78,95,80,85,500
56,Mankey,1,Fighting,,Ordinary,,,40,80,35,35,45,70,305
57,Primeape,1,Fighting,,Ordinary,,,65,105,60,60,70,95,455
58,Growlithe,1,Fire,,Ordinary,,,55,70,45,70,50,60,350
58,Growlithe(Hisuian),8,Fire,Rock,Ordinary,,Hisuian,60,75,45,65,50,55,350
59,Arcanine,1,Fire,,Ordinary,,,90,110,80,100,80,95,555
59,Arcanine(Hisuian),8,Fire,Rock,Ordinary,,Hisuian,95,115,80,95,80,90,555
60,Poliwag,1,Water,,Ordinary,,,40,50,40,40,40,90,300
61,Poliwhirl,1,Water,,Ordinary,,,65,65,65,50,50,90,385
62,Poliwrath,1,Water,Fighting,Ordinary,,,90,95,95,70,90,70,510
63,Abra,1,Psychic,,Ordinary,,,25,20,15,105,55,90,310
64,Kadabra,1,Psychic,,Ordinary,,,40,35,30,120,70,105,400
65,Alakazam,1,Psychic,,Ordinary,,,55,50,45,135,95,120,500
65,Alakazam(Mega EV),1,Psychic,,Ordinary,Mega,,55,50,65,175,105,150,600
66,Machop,1,Fighting,,Ordinary,,,70,80,50,35,35,35,305
67,Machoke,1,Fighting,,Ordinary,,,80,100,70,50,60,45,405
68,Machamp,1,Fighting,,Ordinary,,,90,130,80,65,85,55,505
69,Bellsprout,1,Grass,Poison,Ordinary,,,50,75,35,70,30,40,300
70,Weepinbell,1,Grass,Poison,Ordinary,,,65,90,50,85,45,55,390
71,Victreebel,1,Grass,Poison,Ordinary,,,80,105,65,100,70,70,490
72,Tentacool,1,Water,Poison,Ordinary,,,40,40,35,50,100,70,335
73,Tentacruel,1,Water,Poison,Ordinary,,,80,70,65,80,120,100,515
74,Geodude,1,Rock,Ground,Ordinary,,,40,80,100,30,30,20,300
74,Geodude(Alolan),7,Rock,Electric,Ordinary,,Alolan,40,80,100,30,30,20,300
75,Graveler,1,Rock,Ground,Ordinary,,,55,95,115,45,45,35,390
75,Graveler(Alolan),7,Rock,Electric,Ordinary,,Alolan,55,95,115,45,45,35,390
76,Golem,1,Rock,Ground,Ordinary,,,80,120,130,55,65,45,495
76,Golem(Alolan),7,Rock,Electric,Ordinary,,Alolan,80,120,130,55,65,45,495
77,Ponyta(Galarian),8,Psychic,,Ordinary,,Galarian,50,85,55,65,65,90,410
77,Ponyta,1,Fire,,Ordinary,,,50,85,55,65,65,90,410
78,Rapidash(Galarian),8,Psychic,Fairy,Ordinary,,Galarian,65,100,70,80,80,105,500
78,Rapidash,1,Fire,,Ordinary,,,65,100,70,80,80,105,500
79,Slowpoke,1,Water,Psychic,Ordinary,,,90,65,65,40,40,15,315
79,Slowpoke(Galarian),8,Psychic,,Ordinary,,Galarian,90,65,65,40,40,15,315
80,Slowbro,1,Water,Psychic,Ordinary,,,95,75,110,100,80,30,490
80,Slowbro(Mega EV),1,Water,Psychic,Ordinary,Mega,,95,75,180,130,80,30,590
80,Slowbro(Galarian),8,Poison,Psychic,Ordinary,,Galarian,95,100,95,100,70,30,490
81,Magnemite,1,Electric,Steel,Ordinary,,,25,35,70,95,55,45,325
82,Magneton,1,Electric,Steel,Ordinary,,,50,60,95,120,70,70,465
83,Farfetch'd,1,Normal,Flying,Ordinary,,,52,90,55,58,62,60,377
83,Farfetch'd(Galarian),8,Fighting,,Ordinary,,Galarian,52,95,55,58,62,55,377
84,Doduo,1,Normal,Flying,Ordinary,,,35,85,45,35,35,75,310
85,Dodrio,1,Normal,Flying,Ordinary,,,60,110,70,60,60,110,470
86,Seel,1,Water,,Ordinary,,,65,45,55,45,70,45,325
87,Dewgong,1,Water,Ice,Ordinary,,,90,70,80,70,95,70,475
88,Grimer,1,Poison,,Ordinary,,,80,80,50,40,50,25,325
88,Grimer(Alolan),7,Poison,Dark,Ordinary,,Alolan,80,80,50,40,50,25,325
89,Muk,1,Poison,,Ordinary,,,105,105,75,65,100,50,500
89,Muk(Alolan),7,Poison,Dark,Ordinary,,Alolan,105,105,75,65,100,50,500
90,Shellder,1,Water,,Ordinary,,,30,65,100,45,25,40,305
91,Cloyster,1,Water,Ice,Ordinary,,,50,95,180,85,45,70,525
92,Gastly,1,Ghost,Poison,Ordinary,,,30,35,30,100,35,80,310
93,Haunter,1,Ghost,Poison,Ordinary,,,45,50,45,115,55,95,405
94,Gengar,1,Ghost,Poison,Ordinary,,,60,65,60,130,75,110,500
94,Gengar(Mega EV),1,Ghost,Poison,Ordinary,Mega,,60,65,80,170,95,130,600
95,Onix,1,Rock,Ground,Ordinary,,,35,45,160,30,45,70,385
96,Drowzee,1,Psychic,,Ordinary,,,60,48,45,43,90,42,328
97,Hypno,1,Psychic,,Ordinary,,,85,73,70,73,115,67,483
98,Krabby,1,Water,,Ordinary,,,30,105,90,25,25,50,325
99,Kingler,1,Water,,Ordinary,,,55,130,115,50,50,75,475
100,Voltorb,1,Electric,,Ordinary,,,40,30,50,55,55,100,330
100,Voltorb(Hisuian),8,Electric,Grass,Ordinary,,Hisuian,40,30,50,55,55,100,330
101,Electrode,1,Electric,,Ordinary,,,60,50,70,80,80,150,490
101,Electrode(Hisuian),8,Electric,Grass,Ordinary,,Hisuian,60,50,70,80,80,150,490
102,Exeggcute,1,Grass,Psychic,Ordinary,,,60,40,80,60,45,40,325
103,Exeggutor,1,Grass,Psychic,Ordinary,,,95,95,85,125,75,55,530
103,Exeggutor(Alolan),7,Grass,Dragon,Ordinary,,Alolan,95,105,85,125,75,45,530
104,Cubone,1,Ground,,Ordinary,,,50,50,95,40,50,35,320
105,Marowak,1,Ground,,Ordinary,,,60,80,110,50,80,45,425
105,Marowak(Alolan),7,Fire,Ghost,Ordinary,,Alolan,60,80,110,50,80,45,425
106,Hitmonlee,1,Fighting,,Ordinary,,,50,120,53,35,110,87,455
107,Hitmonchan,1,Fighting,,Ordinary,,,50,105,79,35,110,76,455
108,Lickitung,1,Normal,,Ordinary,,,90,55,75,60,75,30,385
109,Koffing,1,Poison,,Ordinary,,,40,65,95,60,45,35,340
110,Weezing,1,Poison,,Ordinary,,,65,90,120,85,70,60,490
110,Weezing(Galarian),8,Poison,Fairy,Ordinary,,Galarian,65,90,120,85,70,60,490
111,Rhyhorn,1,Ground,Rock,Ordinary,,,80,85,95,30,30,25,345
112,Rhydon,1,Ground,Rock,Ordinary,,,105,130,120,45,45,40,485
113,Chansey,1,Normal,,Ordinary,,,250,5,5,35,105,50,450
114,Tangela,1,Grass,,Ordinary,,,65,55,115,100,40,60,435
115,Kangaskhan,1,Normal,,Ordinary,,,105,95,80,40,80,90,490
115,Kangaskhan(Mega EV),1,Normal,,Ordinary,Mega,,105,125,100,60,100,100,590
116,Horsea,1,Water,,Ordinary,,,30,40,70,70,25,60,295
117,Seadra,1,Water,,Ordinary,,,55,65,95,95,45,85,440
118,Goldeen,1,Water,,Ordinary,,,45,67,60,35,50,63,320
119,Seaking,1,Water,,Ordinary,,,80,92,65,65,80,68,450
120,Staryu,1,Water,,Ordinary,,,30,45,55,70,55,85,340
121,Starmie,1,Water,Psychic,Ordinary,,,60,75,85,100,85,115,520
122,Mr. Mime,1,Psychic,Fairy,Ordinary,,,40,45,65,100,120,90,460
122,Mr. Mime(Galarian),8,Ice,Psychic,Ordinary,,Galarian,50,65,65,90,90,100,460
123,Scyther,1,Bug,Flying,Ordinary,,,70,110,80,55,80,105,500
124,Jynx,1,Ice,Psychic,Ordinary,,,65,50,35,115,95,95,455
125,Electabuzz,1,Electric,,Ordinary,,,65,83,57,95,85,105,490
126,Magmar,1,Fire,,Ordinary,,,65,95,57,100,85,93,495
127,Pinsir,1,Bug,,Ordinary,,,65,125,100,55,70,85,500
127,Pinsir(Mega EV),1,Bug,Flying,Ordinary,Mega,,65,155,120,65,90,105,600
128,Tauros,1,Normal,,Ordinary,,,75,100,95,40,70,110,490
129,Magikarp,1,Water,,Ordinary,,,20,10,55,15,20,80,200
130,Gyarados,1,Water,Flying,Ordinary,,,95,125,79,60,100,81,540
130,Gyarados(Mega EV),1,Water,Dark,Ordinary,Mega,,95,155,109,70,130,81,640
131,Lapras,1,Water,Ice,Ordinary,,,130,85,80,85,95,60,535
132,Ditto,1,Normal,,Ordinary,,,48,48,48,48,48,48,288
133,Eevee,1,Normal,,Ordinary,,,55,55,50,45,65,55,325
134,Vaporeon,1,Water,,Ordinary,,,130,65,60,110,95,65,525
135,Jolteon,1,Electric,,Ordinary,,,65,65,60,110,95,130,525
136,Flareon,1,Fire,,Ordinary,,,65,130,60,95,110,65,525
137,Porygon,1,Normal,,Ordinary,,,65,60,70,85,75,40,395
138,Omanyte,1,Rock,Water,Ordinary,,,35,40,100,90,55,35,355
139,Omastar,1,Rock,Water,Ordinary,,,70,60,125,115,70,55,495
140,Kabuto,1,Rock,Water,Ordinary,,,30,80,90,55,45,55,355
141,Kabutops,1,Rock,Water,Ordinary,,,60,115,105,65,70,80,495
142,Aerodactyl,1,Rock,Flying,Ordinary,,,80,105,65,60,75,130,515
142,Aerodactyl(Mega EV),1,Rock,Flying,Ordinary,Mega,,80,135,85,70,95,150,615
143,Snorlax,1,Normal,,Ordinary,,,160,110,65,65,110,30,540
144,Articuno,1,Ice,Flying,Legendary,,,90,85,100,95,125,85,580
144,Articuno(Galarian),8,Psychic,Flying,Legendary,,Galarian,90,85,85,125,100,95,580
145,Zapdos,1,Electric,Flying,Legendary,,,90,90,85,125,90,100,580
145,Zapdos(Galarian),8,Fighting,Flying,Legendary,,Galarian,90,125,90,85,90,100,580
146,Moltres,1,Fire,Flying,Legendary,,,90,100,90,125,85,90,580
146,Moltres(Galarian),8,Dark,Flying,Legendary,,Galarian,90,85,90,100,125,90,580
147,Dratini,1,Dragon,,Ordinary,,,41,64,45,50,50,50,300
148,Dragonair,1,Dragon,,Ordinary,,,61,84,65,70,70,70,420
149,Dragonite,1,Dragon,Flying,Ordinary,,,91,134,95,100,100,80,600
150,Mewtwo,1,Psychic,,Legendary,,,106,110,90,154,90,130,680
150,Mewtwo(Mega EV X),1,Psychic,Fighting,Legendary,Mega,,106,190,100,154,100,130,780
150,Mewtwo(Mega EV Y),1,Psychic,,Legendary,Mega,,106,150,70,194,120,140,780
151,Mew,1,Psychic,,Mythical,,,100,100,100,100,100,100,600
152,Chikorita,2,Grass,,Ordinary,,,45,49,65,49,65,45,318
153,Bayleef,2,Grass,,Ordinary,,,60,62,80,63,80,60,405
154,Meganium,2,Grass,,Ordinary,,,80,82,100,83,100,80,525
155,Cyndaquil,2,Fire,,Ordinary,,,39,52,43,60,50,65,309
156,Quilava,2,Fire,,Ordinary,,,58,64,58,80,65,80,405
157,Typhlosion,2,Fire,,Ordinary,,,78,84,78,109,85,100,534
157,Typhlosion(Hisuian),8,Fire,Ghost,Ordinary,,Hisuian,73,84,78,119,85,95,534
158,Totodile,2,Water,,Ordinary,,,50,65,64,44,48,43,314
159,Croconaw,2,Water,,Ordinary,,,65,80,80,59,63,58,405
160,Feraligatr,2,Water,,Ordinary,,,85,105,100,79,83,78,530
161,Sentret,2,Normal,,Ordinary,,,35,46,34,35,45,20,215
162,Furret,2,Normal,,Ordinary,,,85,76,64,45,55,90,415
163,Hoothoot,2,Normal,Flying,Ordinary,,,60,30,30,36,56,50,262
164,Noctowl,2,Normal,Flying,Ordinary,,,100,50,50,86,96,70,452
165,Ledyba,2,Bug,Flying,Ordinary,,,40,20,30,40,80,55,265
166,Ledian,2,Bug,Flying,Ordinary,,,55,35,50,55,110,85,390
167,Spinarak,2,Bug,Poison,Ordinary,,,40,60,40,40,40,30,250
168,Ariados,2,Bug,Poison,Ordinary,,,70,90,70,60,70,40,400
169,Crobat,2,Poison,Flying,Ordinary,,,85,90,80,70,80,130,535
170,Chinchou,2,Water,Electric,Ordinary,,,75,38,38,56,56,67,330
171,Lanturn,2,Water,Electric,Ordinary,,,125,58,58,76,76,67,460
172,Pichu,2,Electric,,Ordinary,,,20,40,15,35,35,60,205
173,Cleffa,2,Fairy,,Ordinary,,,50,25,28,45,55,15,218
174,Igglybuff,2,Normal,Fairy,Ordinary,,,90,30,15,40,20,15,210
175,Togepi,2,Fairy,,Ordinary,,,35,20,65,40,65,20,245
176,Togetic,2,Fairy,Flying,Ordinary,,,55,40,85,80,105,40,405
177,Natu,2,Psychic,Flying,Ordinary,,,40,50,45,70,45,70,320
178,Xatu,2,Psychic,Flying,Ordinary,,,65,75,70,95,70,95,470
179,Mareep,2,Electric,,Ordinary,,,55,40,40,65,45,35,280
180,Flaaffy,2,Electric,,Ordinary,,,70,55,55,80,60,45,365
181,Ampharos,2,Electric,,Ordinary,,,90,75,85,115,90,55,510
181,Ampharos(Mega EV),2,Electric,Dragon,Ordinary,Mega,,90,95,105,165,110,45,610
182,Bellossom,2,Grass,,Ordinary,,,75,80,95,90,100,50,490
183,Marill,2,Water,Fairy,Ordinary,,,70,20,50,20,50,40,250
184,Azumarill,2,Water,Fairy,Ordinary,,,100,50,80,60,80,50,420
185,Sudowoodo,2,Rock,,Ordinary,,,70,100,115,30,65,30,410
186,Politoed,2,Water,,Ordinary,,,90,75,75,90,100,70,500
187,Hoppip,2,Grass,Flying,Ordinary,,,35,35,40,35,55,50,250
188,Skiploom,2,Grass,Flying,Ordinary,,,55,45,50,45,65,80,340
189,Jumpluff,2,Grass,Flying,Ordinary,,,75,55,70,55,95,110,460
190,Aipom,2,Normal,,Ordinary,,,55,70,55,40,55,85,360
191,Sunkern,2,Grass,,Ordinary,,,30,30,30,30,30,30,180
192,Sunflora,2,Grass,,Ordinary,,,75,75,55,105,85,30,425
193,Yanma,2,Bug,Flying,Ordinary,,,65,65,45,75,45,95,390
194,Wooper,2,Water,Ground,Ordinary,,,55,45,45,25,25,15,210
195,Quagsire,2,Water,Ground,Ordinary,,,95,85,85,65,65,35,430
196,Espeon,2,Psychic,,Ordinary,,,65,65,60,130,95,110,525
197,Umbreon,2,Dark,,Ordinary,,,95,65,110,60,130,65,525
198,Murkrow,2,Dark,Flying,Ordinary,,,60,85,42,85,42,91,405
199,Slowking,2,Water,Psychic,Ordinary,,,95,75,80,100,110,30,490
199,Slowking(Galarian),8,Poison,Psychic,Ordinary,,Galarian,95,65,80,110,110,30,490
200,Misdreavus,2,Ghost,,Ordinary,,,60,60,60,85,85,85,435
201,Unown,2,Psychic,,Ordinary,,,48,72,48,72,48,48,336
202,Wobbuffet,2,Psychic,,Ordinary,,,190,33,58,33,58,33,405
203,Girafarig,2,Normal,Psychic,Ordinary,,,70,80,65,90,65,85,455
204,Pineco,2,Bug,,Ordinary,,,50,65,90,35,35,15,290
205,Forretress,2,Bug,Steel,Ordinary,,,75,90,140,60,60,40,465
206,Dunsparce,2,Normal,,Ordinary,,,100,70,70,65,65,45,415
207,Gligar,2,Ground,Flying,Ordinary,,,65,75,105,35,65,85,430
208,Steelix,2,Steel,Ground,Ordinary,,,75,85,200,55,65,30,510
208,Steelix(Mega EV),2,Steel,Ground,Ordinary,Mega,,75,125,230,55,95,30,610
209,Snubbull,2,Fairy,,Ordinary,,,60,80,50,40,40,30,300
210,Granbull,2,Fairy,,Ordinary,,,90,120,75,60,60,45,450
211,Qwilfish,2,Water,Poison,Ordinary,,,65,95,85,55,55,85,440
211,Qwilfish(Hisuian),8,Dark,Poison,Ordinary,,Hisuian,65,95,85,55,55,85,440
212,Scizor,2,Bug,Steel,Ordinary,,,70,130,100,55,80,65,500
212,Scizor(Mega EV),2,Bug,Steel,Ordinary,Mega,,70,150,140,65,100,75,600
213,Shuckle,2,Bug,Rock,Ordinary,,,20,10,230,10,230,5,505
214,Heracross,2,Bug,Fighting,Ordinary,,,80,125,75,40,95,85,500
214,Heracross(Mega EV),2,Bug,Fighting,Ordinary,Mega,,80,185,115,40,105,75,600
215,Sneasel,2,Dark,Ice,Ordinary,,,55,95,55,35,75,115,430
215,Sneasel(Hisuian),8,Poison,Fighting,Ordinary,,Hisuian,55,95,55,35,75,115,430
216,Teddiursa,2,Normal,,Ordinary,,,60,80,50,50,50,40,330
217,Ursaring,2,Normal,,Ordinary,,,90,130,75,75,75,55,500
218,Slugma,2,Fire,,Ordinary,,,40,40,40,70,40,20,250
219,Magcargo,2,Fire,Rock,Ordinary,,,60,50,120,90,80,30,430
220,Swinub,2,Ice,Ground,Ordinary,,,50,50,40,30,30,50,250
221,Piloswine,2,Ice,Ground,Ordinary,,,100,100,80,60,60,50,450
222,Corsola,2,Water,Rock,Ordinary,,,65,55,95,65,95,35,410
222,Corsola(Galarian),8,Ghost,,Ordinary,,Galarian,60,55,100,65,100,30,410
223,Remoraid,2,Water,,Ordinary,,,35,65,35,65,35,65,300
224,Octillery,2,Water,,Ordinary,,,75,105,75,105,75,45,480
225,Delibird,2,Ice,Flying,Ordinary,,,45,55,45,65,45,75,330
226,Mantine,2,Water,Flying,Ordinary,,,85,40,70,80,140,70,485
227,Skarmory,2,Steel,Flying,Ordinary,,,65,80,140,40,70,70,465
228,Houndour,2,Dark,Fire,Ordinary,,,45,60,30,80,50,65,330
229,Houndoom,2,Dark,Fire,Ordinary,,,75,90,50,110,80,95,500
229,Houndoom(Mega EV),2,Dark,Fire,Ordinary,Mega,,75,90,90,140,90,115,600
230,Kingdra,2,Water,Dragon,Ordinary,,,75,95,95,95,95,85,540
231,Phanpy,2,Ground,,Ordinary,,,90,60,60,40,40,40,330
232,Donphan,2,Ground,,Ordinary,,,90,120,120,60,60,50,500
233,Porygon2,2,Normal,,Ordinary,,,85,80,90,105,95,60,515
234,Stantler,2,Normal,,Ordinary,,,73,95,62,85,65,85,465
235,Smeargle,2,Normal,,Ordinary,,,55,20,35,20,45,75,250
236,Tyrogue,2,Fighting,,Ordinary,,,35,35,35,35,35,35,210
237,Hitmontop,2,Fighting,,Ordinary,,,50,95,95,35,110,70,455
238,Smoochum,2,Ice,Psychic,Ordinary,,,45,30,15,85,65,65,305
239,Elekid,2,Electric,,Ordinary,,,45,63,37,65,55,95,360
240,Magby,2,Fire,,Ordinary,,,45,75,37,70,55,83,365
241,Miltank,2,Normal,,Ordinary,,,95,80,105,40,70,100,490
242,Blissey,2,Normal,,Ordinary,,,255,10,10,75,135,55,540
243,Raikou,2,Electric,,Legendary,,,90,85,75,115,100,115,580
244,Entei,2,Fire,,Legendary,,,115,115,85,90,75,100,580
245,Suicune,2,Water,,Legendary,,,100,75,115,90,115,85,580
246,Larvitar,2,Rock,Ground,Ordinary,,,50,64,50,45,50,41,300
247,Pupitar,2,Rock,Ground,Ordinary,,,70,84,70,65,70,51,410
248,Tyranitar,2,Rock,Dark,Ordinary,,,100,134,110,95,100,61,600
248,Tyranitar(Mega EV),2,Rock,Dark,Ordinary,Mega,,100,164,150,95,120,71,700
249,Lugia,2,Psychic,Flying,Legendary,,,106,90,130,90,154,110,680
250,Ho-Oh,2,Fire,Flying,Legendary,,,106,130,90,110,154,90,680
251,Celebi,2,Psychic,Grass,Mythical,,,100,100,100,100,100,100,600
252,Treecko,3,Grass,,Ordinary,,,40,45,35,65,55,70,310
253,Grovyle,3,Grass,,Ordinary,,,50,65,45,85,65,95,405
254,Sceptile,3,Grass,,Ordinary,,,70,85,65,105,85,120,530
254,Sceptile(Mega EV),3,Grass,Dragon,Ordinary,Mega,,70,110,75,145,85,145,630
255,Torchic,3,Fire,,Ordinary,,,45,60,40,70,50,45,310
256,Combusken,3,Fire,Fighting,Ordinary,,,60,85,60,85,60,55,405
257,Blaziken,3,Fire,Fighting,Ordinary,,,80,120,70,110,70,80,530
257,Blaziken(Mega EV),3,Fire,Fighting,Ordinary,Mega,,80,160,80,130,80,100,630
258,Mudkip,3,Water,,Ordinary,,,50,70,50,50,50,40,310
259,Marshtomp,3,Water,Ground,Ordinary,,,70,85,70,60,70,50,405
260,Swampert,3,Water,Ground,Ordinary,,,100,110,90,85,90,60,535
260,Swampert(Mega EV),3,Water,Ground,Ordinary,Mega,,100,150,110,95,110,70,635
261,Poochyena,3,Dark,,Ordinary,,,35,55,35,30,30,35,220
262,Mightyena,3,Dark,,Ordinary,,,70,90,70,60,60,70,420
263,Zigzagoon(Galarian),8,Dark,Normal,Ordinary,,Galarian,38,30,41,30,41,60,240
263,Zigzagoon,3,Normal,,Ordinary,,,38,30,41,30,41,60,240
264,Linoone(Galarian),8,Dark,Normal,Ordinary,,Galarian,78,70,61,50,61,100,420
264,Linoone,3,Normal,,Ordinary,,,78,70,61,50,61,100,420
265,Wurmple,3,Bug,,Ordinary,,,45,45,35,20,30,20,195
266,Silcoon,3,Bug,,Ordinary,,,50,35,55,25,25,15,205
267,Beautifly,3,Bug,Flying,Ordinary,,,60,70,50,100,50,65,395
268,Cascoon,3,Bug,,Ordinary,,,50,35,55,25,25,15,205
269,Dustox,3,Bug,Poison,Ordinary,,,60,50,70,50,90,65,385
270,Lotad,3,Water,Grass,Ordinary,,,40,30,30,40,50,30,220
271,Lombre,3,Water,Grass,Ordinary,,,60,50,50,60,70,50,340
272,Ludicolo,3,Water,Grass,Ordinary,,,80,70,70,90,100,70,480
273,Seedot,3,Grass,,Ordinary,,,40,40,50,30,30,30,220
274,Nuzleaf,3,Grass,Dark,Ordinary,,,70,70,40,60,40,60,340
275,Shiftry,3,Grass,Dark,Ordinary,,,90,100,60,90,60,80,480
276,Taillow,3,Normal,Flying,Ordinary,,,40,55,30,30,30,85,270
277,Swellow,3,Normal,Flying,Ordinary,,,60,85,60,75,50,125,455
278,Wingull,3,Water,Flying,Ordinary,,,40,30,30,55,30,85,270
279,Pelipper,3,Water,Flying,Ordinary,,,60,50,100,95,70,65,440
280,Ralts,3,Psychic,Fairy,Ordinary,,,28,25,25,45,35,40,198
281,Kirlia,3,Psychic,Fairy,Ordinary,,,38,35,35,65,55,50,278
282,Gardevoir,3,Psychic,Fairy,Ordinary,,,68,65,65,125,115,80,518
282,Gardevoir(Mega EV),3,Psychic,Fairy,Ordinary,Mega,,68,85,65,165,135,100,618
283,Surskit,3,Bug,Water,Ordinary,,,40,30,32,50,52,65,269
284,Masquerain,3,Bug,Flying,Ordinary,,,70,60,62,100,82,80,454
285,Shroomish,3,Grass,,Ordinary,,,60,40,60,40,60,35,295
286,Breloom,3,Grass,Fighting,Ordinary,,,60,130,80,60,60,70,460
287,Slakoth,3,Normal,,Ordinary,,,60,60,60,35,35,30,280
288,Vigoroth,3,Normal,,Ordinary,,,80,80,80,55,55,90,440
289,Slaking,3,Normal,,Ordinary,,,150,160,100,95,65,100,670
290,Nincada,3,Bug,Ground,Ordinary,,,31,45,90,30,30,40,266
291,Ninjask,3,Bug,Flying,Ordinary,,,61,90,45,50,50,160,456
292,Shedinja,3,Bug,Ghost,Ordinary,,,1,90,45,30,30,40,236
293,Whismur,3,Normal,,Ordinary,,,64,51,23,51,23,28,240
294,Loudred,3,Normal,,Ordinary,,,84,71,43,71,43,48,360
295,Exploud,3,Normal,,Ordinary,,,104,91,63,91,73,68,490
296,Makuhita,3,Fighting,,Ordinary,,,72,60,30,20,30,25,237
297,Hariyama,3,Fighting,,Ordinary,,,144,120,60,40,60,50,474
298,Azurill,3,Normal,Fairy,Ordinary,,,50,20,40,20,40,20,190
299,Nosepass,3,Rock,,Ordinary,,,30,45,135,45,90,30,375
300,Skitty,3,Normal,,Ordinary,,,50,45,45,35,35,50,260
301,Delcatty,3,Normal,,Ordinary,,,70,65,65,55,55,90,400
302,Sableye,3,Dark,Ghost,Ordinary,,,50,75,75,65,65,50,380
302,Sableye(Mega EV),3,Dark,Ghost,Ordinary,Mega,,50,85,125,85,115,20,480
303,Mawile,3,Steel,Fairy,Ordinary,,,50,85,85,55,55,50,380
303,Mawile(Mega EV),3,Steel,Fairy,Ordinary,Mega,,50,105,125,55,95,50,480
304,Aron,3,Steel,Rock,Ordinary,,,50,70,100,40,40,30,330
305,Lairon,3,Steel,Rock,Ordinary,,,60,90,140,50,50,40,430
306,Aggron,3,Steel,Rock,Ordinary,,,70,110,180,60,60,50,530
306,Aggron(Mega EV),3,Steel,,Ordinary,Mega,,70,140,230,60,80,50,630
307,Meditite,3,Fighting,Psychic,Ordinary,,,30,40,55,40,55,60,280
308,Medicham,3,Fighting,Psychic,Ordinary,,,60,60,75,60,75,80,410
308,Medicham(Mega EV),3,Fighting,Psychic,Ordinary,Mega,,60,100,85,80,85,100,510
309,Electrike,3,Electric,,Ordinary,,,40,45,40,65,40,65,295
310,Manectric,3,Electric,,Ordinary,,,70,75,60,105,60,105,475
310,Manectric(Mega EV),3,Electric,,Ordinary,Mega,,70,75,80,135,80,135,575
311,Plusle,3,Electric,,Ordinary,,,60,50,40,85,75,95,405
312,Minun,3,Electric,,Ordinary,,,60,40,50,75,85,95,405
313,Volbeat,3,Bug,,Ordinary,,,65,73,75,47,85,85,430
314,Illumise,3,Bug,,Ordinary,,,65,47,75,73,85,85,430
315,Roselia,3,Grass,Poison,Ordinary,,,50,60,45,100,80,65,400
316,Gulpin,3,Poison,,Ordinary,,,70,43,53,43,53,40,302
317,Swalot,3,Poison,,Ordinary,,,100,73,83,73,83,55,467
318,Carvanha,3,Water,Dark,Ordinary,,,45,90,20,65,20,65,305
319,Sharpedo,3,Water,Dark,Ordinary,,,70,120,40,95,40,95,460
319,Sharpedo(Mega EV),3,Water,Dark,Ordinary,Mega,,70,140,70,110,65,105,560
320,Wailmer,3,Water,,Ordinary,,,130,70,35,70,35,60,400
321,Wailord,3,Water,,Ordinary,,,170,90,45,90,45,60,500
322,Numel,3,Fire,Ground,Ordinary,,,60,60,40,65,45,35,305
323,Camerupt,3,Fire,Ground,Ordinary,,,70,100,70,105,75,40,460
323,Camerupt(Mega EV),3,Fire,Ground,Ordinary,Mega,,70,120,100,145,105,20,560
324,Torkoal,3,Fire,,Ordinary,,,70,85,140,85,70,20,470
325,Spoink,3,Psychic,,Ordinary,,,60,25,35,70,80,60,330
326,Grumpig,3,Psychic,,Ordinary,,,80,45,65,90,110,80,470
327,Spinda,3,Normal,,Ordinary,,,60,60,60,60,60,60,360
328,Trapinch,3,Ground,,Ordinary,,,45,100,45,45,45,10,290
329,Vibrava,3,Ground,Dragon,Ordinary,,,50,70,50,50,50,70,340
330,Flygon,3,Ground,Dragon,Ordinary,,,80,100,80,80,80,100,520
331,Cacnea,3,Grass,,Ordinary,,,50,85,40,85,40,35,335
332,Cacturne,3,Grass,Dark,Ordinary,,,70,115,60,115,60,55,475
333,Swablu,3,Normal,Flying,Ordinary,,,45,40,60,40,75,50,310
334,Altaria,3,Dragon,Flying,Ordinary,,,75,70,90,70,105,80,490
334,Altaria(Mega EV),3,Dragon,Fairy,Ordinary,Mega,,75,110,110,110,105,80,590
335,Zangoose,3,Normal,,Ordinary,,,73,115,60,60,60,90,458
336,Seviper,3,Poison,,Ordinary,,,73,100,60,100,60,65,458
337,Lunatone,3,Rock,Psychic,Ordinary,,,90,55,65,95,85,70,460
338,Solrock,3,Rock,Psychic,Ordinary,,,90,95,85,55,65,70,460
339,Barboach,3,Water,Ground,Ordinary,,,50,48,43,46,41,60,288
340,Whiscash,3,Water,Ground,Ordinary,,,110,78,73,76,71,60,468
341,Corphish,3,Water,,Ordinary,,,43,80,65,50,35,35,308
342,Crawdaunt,3,Water,Dark,Ordinary,,,63,120,85,90,55,55,468
343,Baltoy,3,Ground,Psychic,Ordinary,,,40,40,55,40,70,55,300
344,Claydol,3,Ground,Psychic,Ordinary,,,60,70,105,70,120,75,500
345,Lileep,3,Rock,Grass,Ordinary,,,66,41,77,61,87,23,355
346,Cradily,3,Rock,Grass,Ordinary,,,86,81,97,81,107,43,495
347,Anorith,3,Rock,Bug,Ordinary,,,45,95,50,40,50,75,355
348,Armaldo,3,Rock,Bug,Ordinary,,,75,125,100,70,80,45,495
349,Feebas,3,Water,,Ordinary,,,20,15,20,10,55,80,200
350,Milotic,3,Water,,Ordinary,,,95,60,79,100,125,81,540
351,Castform,3,Normal,,Ordinary,,,70,70,70,70,70,70,420
351,Castform(Sunny),3,Fire,,Ordinary,,,70,70,70,70,70,70,420
351,Castform(Rainy),3,Water,,Ordinary,,,70,70,70,70,70,70,420
351,Castform(Snowy),3,Ice,,Ordinary,,,70,70,70,70,70,70,420
352,Kecleon,3,Normal,,Ordinary,,,60,90,70,60,120,40,440
353,Shuppet,3,Ghost,,Ordinary,,,44,75,35,63,33,45,295
354,Banette,3,Ghost,,Ordinary,,,64,115,65,83,63,65,455
354,Banette(Mega EV),3,Ghost,,Ordinary,Mega,,64,165,75,93,83,75,555
355,Duskull,3,Ghost,,Ordinary,,,20,40,90,30,90,25,295
356,Dusclops,3,Ghost,,Ordinary,,,40,70,130,60,130,25,455
357,Tropius,3,Grass,Flying,Ordinary,,,99,68,83,72,87,51,460
358,Chimecho,3,Psychic,,Ordinary,,,75,50,80,95,90,65,455
359,Absol,3,Dark,,Ordinary,,,65,130,60,75,60,75,465
359,Absol(Mega EV),3,Dark,,Ordinary,Mega,,65,150,60,115,60,115,565
360,Wynaut,3,Psychic,,Ordinary,,,95,23,48,23,48,23,260
361,Snorunt,3,Ice,,Ordinary,,,50,50,50,50,50,50,300
362,Glalie,3,Ice,,Ordinary,,,80,80,80,80,80,80,480
362,Glalie(Mega EV),3,Ice,,Ordinary,Mega,,80,120,80,120,80,100,580
363,Spheal,3,Ice,Water,Ordinary,,,70,40,50,55,50,25,290
364,Sealeo,3,Ice,Water,Ordinary,,,90,60,70,75,70,45,410
365,Walrein,3,Ice,Water,Ordinary,,,110,80,90,95,90,65,530
366,Clamperl,3,Water,,Ordinary,,,35,64,85,74,55,32,345
367,Huntail,3,Water,,Ordinary,,,55,104,105,94,75,52,485
368,Gorebyss,3,Water,,Ordinary,,,55,84,105,114,75,52,485
369,Relicanth,3,Water,Rock,Ordinary,,,100,90,130,45,65,55,485
370,Luvdisc,3,Water,,Ordinary,,,43,30,55,40,65,97,330
371,Bagon,3,Dragon,,Ordinary,,,45,75,60,40,30,50,300
372,Shelgon,3,Dragon,,Ordinary,,,65,95,100,60,50,50,420
373,Salamence,3,Dragon,Flying,Ordinary,,,95,135,80,110,80,100,600
373,Salamence(Mega EV),3,Dragon,Flying,Ordinary,Mega,,95,145,130,120,90,120,700
374,Beldum,3,Steel,Psychic,Ordinary,,,40,55,80,35,60,30,300
375,Metang,3,Steel,Psychic,Ordinary,,,60,75,100,55,80,50,420
376,Metagross,3,Steel,Psychic,Ordinary,,,80,135,130,95,90,70,600
376,Metagross(Mega EV),3,Steel,Psychic,Ordinary,Mega,,80,145,150,105,110,110,700
377,Regirock,3,Rock,,Legendary,,,80,100,200,50,100,50,580
378,Regice,3,Ice,,Legendary,,,80,50,100,100,200,50,580
379,Registeel,3,Steel,,Legendary,,,80,75,150,75,150,50,580
380,Latias,3,Dragon,Psychic,Legendary,,,80,80,90,110,130,110,600
380,Latias(Mega EV),3,Dragon,Psychic,Legendary,Mega,,80,100,120,140,150,110,700
381,Latios,3,Dragon,Psychic,Legendary,,,80,90,80,130,110,110,600
381,Latios(Mega EV),3,Dragon,Psychic,Legendary,Mega,,80,130,100,160,120,110,700
382,Kyogre,3,Water,,Legendary,,,100,100,90,150,140,90,670
382,Kyogre(Primal),3,Water,,Legendary,,,100,150,90,180,160,90,770
383,Groudon,3,Ground,,Legendary,,,100,150,140,100,90,90,670
383,Groudon(Primal),3,Ground,Fire,Legendary,,,100,180,160,150,90,90,770
384,Rayquaza,3,Dragon,Flying,Legendary,,,105,150,90,150,90,95,680
384,Rayquaza(Mega EV),3,Dragon,Flying,Legendary,Mega,,105,180,100,180,100,115,780
385,Jirachi,3,Steel,Psychic,Mythical,,,100,100,100,100,100,100,600
386,Deoxys(Normal),3,Psychic,,Mythical,,,50,150,50,150,50,150,600
386,Deoxys(Attack),3,Psychic,,Mythical,,,50,180,20,180,20,150,600
386,Deoxys(Defense),3,Psychic,,Mythical,,,50,70,160,70,160,90,600
386,Deoxys(Speed),3,Psychic,,Mythical,,,50,95,90,95,90,180,600
387,Turtwig,4,Grass,,Ordinary,,,55,68,64,45,55,31,318
388,Grotle,4,Grass,,Ordinary,,,75,89,85,55,65,36,405
389,Torterra,4,Grass,Ground,Ordinary,,,95,109,105,75,85,56,525
390,Chimchar,4,Fire,,Ordinary,,,44,58,44,58,44,61,309
391,Monferno,4,Fire,Fighting,Ordinary,,,64,78,52,78,52,81,405
392,Infernape,4,Fire,Fighting,Ordinary,,,76,104,71,104,71,108,534
393,Piplup,4,Water,,Ordinary,,,53,51,53,61,56,40,314
394,Prinplup,4,Water,,Ordinary,,,64,66,68,81,76,50,405
395,Empoleon,4,Water,Steel,Ordinary,,,84,86,88,111,101,60,530
396,Starly,4,Normal,Flying,Ordinary,,,40,55,30,30,30,60,245
397,Staravia,4,Normal,Flying,Ordinary,,,55,75,50,40,40,80,340
398,Staraptor,4,Normal,Flying,Ordinary,,,85,120,70,50,60,100,485
399,Bidoof,4,Normal,,Ordinary,,,59,45,40,35,40,31,250
400,Bibarel,4,Normal,Water,Ordinary,,,79,85,60,55,60,71,410
401,Kricketot,4,Bug,,Ordinary,,,37,25,41,25,41,25,194
402,Kricketune,4,Bug,,Ordinary,,,77,85,51,55,51,65,384
403,Shinx,4,Electric,,Ordinary,,,45,65,34,40,34,45,263
404,Luxio,4,Electric,,Ordinary,,,60,85,49,60,49,60,363
405,Luxray,4,Electric,,Ordinary,,,80,120,79,95,79,70,523
406,Budew,4,Grass,Poison,Ordinary,,,40,30,35,50,70,55,280
407,Roserade,4,Grass,Poison,Ordinary,,,60,70,65,125,105,90,515
408,Cranidos,4,Rock,,Ordinary,,,67,125,40,30,30,58,350
409,Rampardos,4,Rock,,Ordinary,,,97,165,60,65,50,58,495
410,Shieldon,4,Rock,Steel,Ordinary,,,30,42,118,42,88,30,350
411,Bastiodon,4,Rock,Steel,Ordinary,,,60,52,168,47,138,30,495
412,Burmy(Plant),4,Bug,,Ordinary,,,40,29,45,29,45,36,224
412,Burmy(Sandy),4,Bug,,Ordinary,,,40,29,45,29,45,36,224
412,Burmy(Dusty),4,Bug,,Ordinary,,,40,29,45,29,45,36,224
413,Wormadam(Plant),4,Bug,Grass,Ordinary,,,60,59,85,79,105,36,424
413,Wormadam(Sandy),4,Bug,Ground,Ordinary,,,60,79,105,59,85,36,424
413,Wormadam(Dusty),4,Bug,Steel,Ordinary,,,60,69,95,69,95,36,424
414,Mothim,4,Bug,Flying,Ordinary,,,70,94,50,94,50,66,424
415,Combee,4,Bug,Flying,Ordinary,,,30,30,42,30,42,70,244
416,Vespiquen,4,Bug,Flying,Ordinary,,,70,80,102,80,102,40,474
417,Pachirisu,4,Electric,,Ordinary,,,60,45,70,45,90,95,405
418,Buizel,4,Water,,Ordinary,,,55,65,35,60,30,85,330
419,Floatzel,4,Water,,Ordinary,,,85,105,55,85,50,115,495
420,Cherubi,4,Grass,,Ordinary,,,45,35,45,62,53,35,275
421,Cherrim(Overcast),4,Grass,,Ordinary,,,70,60,70,87,78,85,450
421,Cherrim(Sunshine),4,Grass,,Ordinary,,,70,60,70,87,78,85,450
422,Shellos(East Sea),4,Water,,Ordinary,,,76,48,48,57,62,34,325
422,Shellos(West Sea),4,Water,,Ordinary,,,76,48,48,57,62,34,325
423,Gastrodon(East Sea),4,Water,Ground,Ordinary,,,111,83,68,92,82,39,475
423,Gastrodon(West Sea),4,Water,Ground,Ordinary,,,111,83,68,92,82,39,475
424,Ambipom,4,Normal,,Ordinary,,,75,100,66,60,66,115,482
425,Drifloon,4,Ghost,Flying,Ordinary,,,90,50,34,60,44,70,348
426,Drifblim,4,Ghost,Flying,Ordinary,,,150,80,44,90,54,80,498
427,Buneary,4,Normal,,Ordinary,,,55,66,44,44,56,85,350
428,Lopunny,4,Normal,,Ordinary,,,65,76,84,54,96,105,480
428,Lopunny(Mega EV),4,Normal,Fighting,Ordinary,Mega,,65,136,94,54,96,135,580
429,Mismagius,4,Ghost,,Ordinary,,,60,60,60,105,105,105,495
430,Honchkrow,4,Dark,Flying,Ordinary,,,100,125,52,105,52,71,505
431,Glameow,4,Normal,,Ordinary,,,49,55,42,42,37,85,310
432,Purugly,4,Normal,,Ordinary,,,71,82,64,64,59,112,452
433,Chingling,4,Psychic,,Ordinary,,,45,30,50,65,50,45,285
434,Stunky,4,Poison,Dark,Ordinary,,,63,63,47,41,41,74,329
435,Skuntank,4,Poison,Dark,Ordinary,,,103,93,67,71,61,84,479
436,Bronzor,4,Steel,Psychic,Ordinary,,,57,24,86,24,86,23,300
437,Bronzong,4,Steel,Psychic,Ordinary,,,67,89,116,79,116,33,500
438,Bonsly,4,Rock,,Ordinary,,,50,80,95,10,45,10,290
439,Mime Jr.,4,Psychic,Fairy,Ordinary,,,20,25,45,70,90,60,310
440,Happiny,4,Normal,,Ordinary,,,100,5,5,15,65,30,220
441,Chatot,4,Normal,Flying,Ordinary,,,76,65,45,92,42,91,411
442,Spiritomb,4,Ghost,Dark,Ordinary,,,50,92,108,92,108,35,485
443,Gible,4,Dragon,Ground,Ordinary,,,58,70,45,40,45,42,300
444,Gabite,4,Dragon,Ground,Ordinary,,,68,90,65,50,55,82,410
445,Garchomp,4,Dragon,Ground,Ordinary,,,108,130,95,80,85,102,600
445,Garchomp(Mega EV),4,Dragon,Ground,Ordinary,Mega,,108,170,115,120,95,92,700
446,Munchlax,4,Normal,,Ordinary,,,135,85,40,40,85,5,390
447,Riolu,4,Fighting,,Ordinary,,,40,70,40,35,40,60,285
448,Lucario,4,Fighting,Steel,Ordinary,,,70,110,70,115,70,90,525
448,Lucario(Mega EV),4,Fighting,Steel,Ordinary,Mega,,70,145,88,140,70,112,625
449,Hippopotas,4,Ground,,Ordinary,,,68,72,78,38,42,32,330
450,Hippowdon,4,Ground,,Ordinary,,,108,112,118,68,72,47,525
451,Skorupi,4,Poison,Bug,Ordinary,,,40,50,90,30,55,65,330
452,Drapion,4,Poison,Dark,Ordinary,,,70,90,110,60,75,95,500
453,Croagunk,4,Poison,Fighting,Ordinary,,,48,61,40,61,40,50,300
454,Toxicroak,4,Poison,Fighting,Ordinary,,,83,106,65,86,65,85,490
455,Carnivine,4,Grass,,Ordinary,,,74,100,72,90,72,46,454
456,Finneon,4,Water,,Ordinary,,,49,49,56,49,61,66,330
457,Lumineon,4,Water,,Ordinary,,,69,69,76,69,86,91,460
458,Mantyke,4,Water,Flying,Ordinary,,,45,20,50,60,120,50,345
459,Snover,4,Grass,Ice,Ordinary,,,60,62,50,62,60,40,334
460,Abomasnow,4,Grass,Ice,Ordinary,,,90,92,75,92,85,60,494
460,Abomasnow(Mega EV),4,Grass,Ice,Ordinary,Mega,,90,132,105,132,105,30,594
461,Weavile,4,Dark,Ice,Ordinary,,,70,120,65,45,85,125,510
462,Magnezone,4,Electric,Steel,Ordinary,,,70,70,115,130,90,60,535
463,Lickilicky,4,Normal,,Ordinary,,,110,85,95,80,95,50,515
464,Rhyperior,4,Ground,Rock,Ordinary,,,115,140,130,55,55,40,535
465,Tangrowth,4,Grass,,Ordinary,,,100,100,125,110,50,50,535
466,Electivire,4,Electric,,Ordinary,,,75,123,67,95,85,95,540
467,Magmortar,4,Fire,,Ordinary,,,75,95,67,125,95,83,540
468,Togekiss,4,Fairy,Flying,Ordinary,,,85,50,95,120,115,80,545
469,Yanmega(Mega EV),4,Bug,Flying,Ordinary,Mega,,86,76,86,116,56,95,515
470,Leafeon,4,Grass,,Ordinary,,,65,110,130,60,65,95,525
471,Glaceon,4,Ice,,Ordinary,,,65,60,110,130,95,65,525
472,Gliscor,4,Ground,Flying,Ordinary,,,75,95,125,45,75,95,510
473,Mamoswine,4,Ice,Ground,Ordinary,,,110,130,80,70,60,80,530
474,Porygon-Z,4,Normal,,Ordinary,,,85,80,70,135,75,90,535
475,Gallade,4,Psychic,Fighting,Ordinary,,,68,125,65,65,115,80,518
475,Gallade(Mega EV),4,Psychic,Fighting,Ordinary,Mega,,68,165,95,65,115,110,618
476,Probopass,4,Rock,Steel,Ordinary,,,60,55,145,75,150,40,525
477,Dusknoir,4,Ghost,,Ordinary,,,45,100,135,65,135,45,525
478,Froslass,4,Ice,Ghost,Ordinary,,,70,80,70,80,70,110,480
479,Rotom,4,Electric,Ghost,Ordinary,,,50,50,77,95,77,91,440
479,Rotom(Heat),4,Electric,Fire,Ordinary,,,50,65,107,105,107,86,520
479,Rotom(Wash),4,Electric,Water,Ordinary,,,50,65,107,105,107,86,520
479,Rotom(Flost),4,Electric,Ice,Ordinary,,,50,65,107,105,107,86,520
479,Rotom(Fan),4,Electric,Flying,Ordinary,,,50,65,107,105,107,86,520
479,Rotom(Mow),4,Electric,Grass,Ordinary,,,50,65,107,105,107,86,520
480,Uxie,4,Psychic,,Legendary,,,75,75,130,75,130,95,580
481,Mesprit,4,Psychic,,Legendary,,,80,105,105,105,105,80,580
482,Azelf,4,Psychic,,Legendary,,,75,125,70,125,70,115,580
483,Dialga,4,Steel,Dragon,Legendary,,,100,120,120,150,100,90,680
484,Palkia,4,Water,Dragon,Legendary,,,90,120,100,150,120,100,680
485,Heatran,4,Fire,Steel,Legendary,,,91,90,106,130,106,77,600
486,Regigigas,4,Normal,,Legendary,,,110,160,110,80,110,100,670
487,Giratina(Another),4,Ghost,Dragon,Legendary,,,150,100,120,100,120,90,680
487,Giratina(Origin),4,Ghost,Dragon,Legendary,,,150,120,100,120,100,90,680
488,Cresselia,4,Psychic,,Legendary,,,120,70,120,75,130,85,600
489,Phione,4,Water,,Mythical,,,80,80,80,80,80,80,480
490,Manaphy,4,Water,,Mythical,,,100,100,100,100,100,100,600
491,Darkrai,4,Dark,,Mythical,,,70,90,90,135,90,125,600
492,Shaymin(Land),4,Grass,,Mythical,,,100,100,100,100,100,100,600
492,Shaymin(Sky),4,Grass,Flying,Mythical,,,100,103,75,120,75,127,600
493,Arceus,4,Normal,,Mythical,,,120,120,120,120,120,120,720
494,Victini,5,Psychic,Fire,Mythical,,,100,100,100,100,100,100,600
495,Snivy,5,Grass,,Ordinary,,,45,45,55,45,55,63,308
496,Servine,5,Grass,,Ordinary,,,60,60,75,60,75,83,413
497,Serperior,5,Grass,,Ordinary,,,75,75,95,75,95,113,528
498,Tepig,5,Fire,,Ordinary,,,65,63,45,45,45,45,308
499,Pignite,5,Fire,Fighting,Ordinary,,,90,93,55,70,55,55,418
500,Emboar,5,Fire,Fighting,Ordinary,,,110,123,65,100,65,65,528
501,Oshawott,5,Water,,Ordinary,,,55,55,45,63,45,45,308
502,Dewott,5,Water,,Ordinary,,,75,75,60,83,60,60,413
503,Samurott,5,Water,,Ordinary,,,95,100,85,108,70,70,528
503,Samurott(Hisuian),8,Water,Dark,Ordinary,,Hisuian,90,108,80,100,65,85,528
504,Patrat,5,Normal,,Ordinary,,,45,55,39,35,39,42,255
505,Watchog,5,Normal,,Ordinary,,,60,85,69,60,69,77,420
506,Lillipup,5,Normal,,Ordinary,,,45,60,45,25,45,55,275
507,Herdier,5,Normal,,Ordinary,,,65,80,65,35,65,60,370
508,Stoutland,5,Normal,,Ordinary,,,85,110,90,45,90,80,500
509,Purrloin,5,Dark,,Ordinary,,,41,50,37,50,37,66,281
510,Liepard,5,Dark,,Ordinary,,,64,88,50,88,50,106,446
511,Pansage,5,Grass,,Ordinary,,,50,53,48,53,48,64,316
512,Simisage,5,Grass,,Ordinary,,,75,98,63,98,63,101,498
513,Pansear,5,Fire,,Ordinary,,,50,53,48,53,48,64,316
514,Simisear,5,Fire,,Ordinary,,,75,98,63,98,63,101,498
515,Panpour,5,Water,,Ordinary,,,50,53,48,53,48,64,316
516,Simipour,5,Water,,Ordinary,,,75,98,63,98,63,101,498
517,Munna,5,Psychic,,Ordinary,,,76,25,45,67,55,24,292
518,Musharna,5,Psychic,,Ordinary,,,116,55,85,107,95,29,487
519,Pidove,5,Normal,Flying,Ordinary,,,50,55,50,36,30,43,264
520,Tranquill,5,Normal,Flying,Ordinary,,,62,77,62,50,42,65,358
521,Unfezant,5,Normal,Flying,Ordinary,,,80,115,80,65,55,93,488
522,Blitzle,5,Electric,,Ordinary,,,45,60,32,50,32,76,295
523,Zebstrika,5,Electric,,Ordinary,,,75,100,63,80,63,116,497
524,Roggenrola,5,Rock,,Ordinary,,,55,75,85,25,25,15,280
525,Boldore,5,Rock,,Ordinary,,,70,105,105,50,40,20,390
526,Gigalith,5,Rock,,Ordinary,,,85,135,130,60,80,25,515
527,Woobat,5,Psychic,Flying,Ordinary,,,65,45,43,55,43,72,323
528,Swoobat,5,Psychic,Flying,Ordinary,,,67,57,55,77,55,114,425
529,Drilbur,5,Ground,,Ordinary,,,60,85,40,30,45,68,328
530,Excadrill,5,Ground,Steel,Ordinary,,,110,135,60,50,65,88,508
531,Audino,5,Normal,,Ordinary,,,103,60,86,60,86,50,445
531,Audino(Mega EV),5,Normal,Fairy,Ordinary,Mega,,103,60,126,80,126,50,545
532,Timburr,5,Fighting,,Ordinary,,,75,80,55,25,35,35,305
533,Gurdurr,5,Fighting,,Ordinary,,,85,105,85,40,50,40,405
534,Conkeldurr,5,Fighting,,Ordinary,,,105,140,95,55,65,45,505
535,Tympole,5,Water,,Ordinary,,,50,50,40,50,40,64,294
536,Palpitoad,5,Water,Ground,Ordinary,,,75,65,55,65,55,69,384
537,Seismitoad,5,Water,Ground,Ordinary,,,105,95,75,85,75,74,509
538,Throh,5,Fighting,,Ordinary,,,120,100,85,30,85,45,465
539,Sawk,5,Fighting,,Ordinary,,,75,125,75,30,75,85,465
540,Sewaddle,5,Bug,Grass,Ordinary,,,45,53,70,40,60,42,310
541,Swadloon,5,Bug,Grass,Ordinary,,,55,63,90,50,80,42,380
542,Leavanny,5,Bug,Grass,Ordinary,,,75,103,80,70,80,92,500
543,Venipede,5,Bug,Poison,Ordinary,,,30,45,59,30,39,57,260
544,Whirlipede,5,Bug,Poison,Ordinary,,,40,55,99,40,79,47,360
545,Scolipede,5,Bug,Poison,Ordinary,,,60,100,89,55,69,112,485
546,Cottonee,5,Grass,Fairy,Ordinary,,,40,27,60,37,50,66,280
547,Whimsicott,5,Grass,Fairy,Ordinary,,,60,67,85,77,75,116,480
548,Petilil,5,Grass,,Ordinary,,,45,35,50,70,50,30,280
549,Lilligant,5,Grass,,Ordinary,,,70,60,75,110,75,90,480
549,Lilligant(Hisuian),8,Grass,Fighting,Ordinary,,Hisuian,70,105,75,50,75,105,480
550,Basculin(Red Stripe),5,Water,,Ordinary,,,70,92,65,80,55,98,460
550,Basculin(Blue Stripe),5,Water,,Ordinary,,,70,92,65,80,55,98,460
550,Basculin(White Stripe),8,Water,,Ordinary,,Hisuian,70,92,65,80,55,98,460
551,Sandile,5,Ground,Dark,Ordinary,,,50,72,35,35,35,65,292
552,Krokorok,5,Ground,Dark,Ordinary,,,60,82,45,45,45,74,351
553,Krookodile,5,Ground,Dark,Ordinary,,,95,117,80,65,70,92,519
554,Darumaka(Galarian),8,Ice,,Ordinary,,Galarian,70,90,45,15,45,50,315
554,Darumaka,5,Fire,,Ordinary,,,70,90,45,15,45,50,315
555,Darmanitan(Galarian),8,Ice,,Ordinary,,Galarian,105,140,55,30,55,95,480
555,"Darmanitan(Galarian, Zen_mode)",8,Ice,Fire,Ordinary,,Galarian,105,160,55,30,55,135,540
555,Darmanitan,5,Fire,,Ordinary,,,105,140,55,30,55,95,480
555,Darmanitan(Zen_mode),5,Fire,Psychic,Ordinary,,,105,30,105,140,105,55,540
556,Maractus,5,Grass,,Ordinary,,,75,86,67,106,67,60,461
557,Dwebble,5,Bug,Rock,Ordinary,,,50,65,85,35,35,55,325
558,Crustle,5,Bug,Rock,Ordinary,,,70,105,125,65,75,45,485
559,Scraggy,5,Dark,Fighting,Ordinary,,,50,75,70,35,70,48,348
560,Scrafty,5,Dark,Fighting,Ordinary,,,65,90,115,45,115,58,488
561,Sigilyph,5,Psychic,Flying,Ordinary,,,72,58,80,103,80,97,490
562,Yamask,5,Ghost,,Ordinary,,,38,30,85,55,65,30,303
562,Yamask(Galarian),8,Ground,Ghost,Ordinary,,Galarian,38,55,85,30,65,30,303
563,Cofagrigus,5,Ghost,,Ordinary,,,58,50,145,95,105,30,483
564,Tirtouga,5,Water,Rock,Ordinary,,,54,78,103,53,45,22,355
565,Carracosta,5,Water,Rock,Ordinary,,,74,108,133,83,65,32,495
566,Archen,5,Rock,Flying,Ordinary,,,55,112,45,74,45,70,401
567,Archeops,5,Rock,Flying,Ordinary,,,75,140,65,112,65,110,567
568,Trubbish,5,Poison,,Ordinary,,,50,50,62,40,62,65,329
569,Garbodor,5,Poison,,Ordinary,,,80,95,82,60,82,75,474
570,Zorua,5,Dark,,Ordinary,,,40,65,40,80,40,65,330
570,Zorua(Hisuian),8,Normal,Ghost,Ordinary,,Hisuian,35,60,40,85,40,70,330
571,Zoroark,5,Dark,,Ordinary,,,60,105,60,120,60,105,510
571,Zoroark(Hisuian),8,Normal,Ghost,Ordinary,,Hisuian,55,100,60,125,60,110,510
572,Minccino,5,Normal,,Ordinary,,,55,50,40,40,40,75,300
573,Cinccino,5,Normal,,Ordinary,,,75,95,60,65,60,115,470
574,Gothita,5,Psychic,,Ordinary,,,45,30,50,55,65,45,290
575,Gothorita,5,Psychic,,Ordinary,,,60,45,70,75,85,55,390
576,Gothitelle,5,Psychic,,Ordinary,,,70,55,95,95,110,65,490
577,Solosis,5,Psychic,,Ordinary,,,45,30,40,105,50,20,290
578,Duosion,5,Psychic,,Ordinary,,,65,40,50,125,60,30,370
579,Reuniclus,5,Psychic,,Ordinary,,,110,65,75,125,85,30,490
580,Ducklett,5,Water,Flying,Ordinary,,,62,44,50,44,50,55,305
581,Swanna,5,Water,Flying,Ordinary,,,75,87,63,87,63,98,473
582,Vanillite,5,Ice,,Ordinary,,,36,50,50,65,60,44,305
583,Vanillish,5,Ice,,Ordinary,,,51,65,65,80,75,59,395
584,Vanilluxe,5,Ice,,Ordinary,,,71,95,85,110,95,79,535
585,Deerling(Spring),5,Normal,Grass,Ordinary,,,60,60,50,40,50,75,335
585,Deerling(Summer),5,Normal,Grass,Ordinary,,,60,60,50,40,50,75,335
585,Deerling(Autumn),5,Normal,Grass,Ordinary,,,60,60,50,40,50,75,335
585,Deerling(Winter),5,Normal,Grass,Ordinary,,,60,60,50,40,50,75,335
586,Sawsbuck(Spring),5,Normal,Grass,Ordinary,,,80,100,70,60,70,95,475
586,Sawsbuck(Summer),5,Normal,Grass,Ordinary,,,80,100,70,60,70,95,475
586,Sawsbuck(Autumn),5,Normal,Grass,Ordinary,,,80,100,70,60,70,95,475
586,Sawsbuck(Winter),5,Normal,Grass,Ordinary,,,80,100,70,60,70,95,475
587,Emolga,5,Electric,Flying,Ordinary,,,55,75,60,75,60,103,428
588,Karrablast,5,Bug,,Ordinary,,,50,75,45,40,45,60,315
589,Escavalier,5,Bug,Steel,Ordinary,,,70,135,105,60,105,20,495
590,Foongus,5,Grass,Poison,Ordinary,,,69,55,45,55,55,15,294
591,Amoonguss,5,Grass,Poison,Ordinary,,,114,85,70,85,80,30,464
592,Frillish,5,Water,Ghost,Ordinary,,,55,40,50,65,85,40,335
593,Jellicent,5,Water,Ghost,Ordinary,,,100,60,70,85,105,60,480
594,Alomomola,5,Water,,Ordinary,,,165,75,80,40,45,65,470
595,Joltik,5,Bug,Electric,Ordinary,,,50,47,50,57,50,65,319
596,Galvantula,5,Bug,Electric,Ordinary,,,70,77,60,97,60,108,472
597,Ferroseed,5,Grass,Steel,Ordinary,,,44,50,91,24,86,10,305
598,Ferrothorn,5,Grass,Steel,Ordinary,,,74,94,131,54,116,20,489
599,Klink,5,Steel,,Ordinary,,,40,55,70,45,60,30,300
600,Klang,5,Steel,,Ordinary,,,60,80,95,70,85,50,440
601,Klinklang,5,Steel,,Ordinary,,,60,100,115,70,85,90,520
602,Tynamo,5,Electric,,Ordinary,,,35,55,40,45,40,60,275
603,Eelektrik,5,Electric,,Ordinary,,,65,85,70,75,70,40,405
604,Eelektross,5,Electric,,Ordinary,,,85,115,80,105,80,50,515
605,Elgyem,5,Psychic,,Ordinary,,,55,55,55,85,55,30,335
606,Beheeyem,5,Psychic,,Ordinary,,,75,75,75,125,95,40,485
607,Litwick,5,Ghost,Fire,Ordinary,,,50,30,55,65,55,20,275
608,Lampent,5,Ghost,Fire,Ordinary,,,60,40,60,95,60,55,370
609,Chandelure,5,Ghost,Fire,Ordinary,,,60,55,90,145,90,80,520
610,Axew,5,Dragon,,Ordinary,,,46,87,60,30,40,57,320
611,Fraxure,5,Dragon,,Ordinary,,,66,117,70,40,50,67,410
612,Haxorus,5,Dragon,,Ordinary,,,76,147,90,60,70,97,540
613,Cubchoo,5,Ice,,Ordinary,,,55,70,40,60,40,40,305
614,Beartic,5,Ice,,Ordinary,,,95,130,80,70,80,50,505
615,Cryogonal,5,Ice,,Ordinary,,,80,50,50,95,135,105,515
616,Shelmet,5,Bug,,Ordinary,,,50,40,85,40,65,25,305
617,Accelgor,5,Bug,,Ordinary,,,80,70,40,100,60,145,495
618,Stunfisk,5,Ground,Electric,Ordinary,,,109,66,84,81,99,32,471
618,Stunfisk(Galarian),8,Ground,Steel,Ordinary,,Galarian,109,81,99,66,84,32,471
619,Mienfoo,5,Fighting,,Ordinary,,,45,85,50,55,50,65,350
620,Mienshao,5,Fighting,,Ordinary,,,65,125,60,95,60,105,510
621,Druddigon,5,Dragon,,Ordinary,,,77,120,90,60,90,48,485
622,Golett,5,Ground,Ghost,Ordinary,,,59,74,50,35,50,35,303
623,Golurk,5,Ground,Ghost,Ordinary,,,89,124,80,55,80,55,483
624,Pawniard,5,Dark,Steel,Ordinary,,,45,85,70,40,40,60,340
625,Bisharp,5,Dark,Steel,Ordinary,,,65,125,100,60,70,70,490
626,Bouffalant,5,Normal,,Ordinary,,,95,110,95,40,95,55,490
627,Rufflet,5,Normal,Flying,Ordinary,,,70,83,50,37,50,60,350
628,Braviary,5,Normal,Flying,Ordinary,,,100,123,75,57,75,80,510
628,Braviary(Hisuian),8,Psychic,Flying,Ordinary,,Hisuian,110,83,70,112,70,65,510
629,Vullaby,5,Dark,Flying,Ordinary,,,70,55,75,45,65,60,370
630,Mandibuzz,5,Dark,Flying,Ordinary,,,110,65,105,55,95,80,510
631,Heatmor,5,Fire,,Ordinary,,,85,97,66,105,66,65,484
632,Durant,5,Bug,Steel,Ordinary,,,58,109,112,48,48,109,484
633,Deino,5,Dark,Dragon,Ordinary,,,52,65,50,45,50,38,300
634,Zweilous,5,Dark,Dragon,Ordinary,,,72,85,70,65,70,58,420
635,Hydreigon,5,Dark,Dragon,Ordinary,,,92,105,90,125,90,98,600
636,Larvesta,5,Bug,Fire,Ordinary,,,55,85,55,50,55,60,360
637,Volcarona,5,Bug,Fire,Ordinary,,,85,60,65,135,105,100,550
638,Cobalion,5,Steel,Fighting,Legendary,,,91,90,129,90,72,108,580
639,Terrakion,5,Rock,Fighting,Legendary,,,91,129,90,72,90,108,580
640,Virizion,5,Grass,Fighting,Legendary,,,91,90,72,90,129,108,580
641,Tornadus(Incarnate),5,Flying,,Legendary,,,79,115,70,125,80,111,580
641,Tornadus(Therian),5,Flying,,Legendary,,,79,100,80,110,90,121,580
642,Thundurus(Incarnate),5,Electric,Flying,Legendary,,,79,115,70,125,80,111,580
642,Thundurus(Therian),5,Electric,Flying,Legendary,,,79,105,70,145,80,101,580
643,Reshiram,5,Dragon,Fire,Legendary,,,100,120,100,150,120,90,680
644,Zekrom,5,Dragon,Electric,Legendary,,,100,150,120,120,100,90,680
645,Landorus(Incarnate),5,Ground,Flying,Legendary,,,89,125,90,115,80,101,600
645,Landorus(Therian),5,Ground,Flying,Legendary,,,89,145,90,105,80,91,600
646,Kyurem,5,Dragon,Ice,Legendary,,,125,130,90,130,90,95,660
646,Kyurem,5,Dragon,Ice,Legendary,,,125,120,90,170,100,95,700
646,Kyurem,5,Dragon,Ice,Legendary,,,125,170,100,120,90,95,700
647,Keldeo(Ordinary),5,Water,Fighting,Mythical,,,91,72,90,129,90,108,580
647,Keldeo(Resolute),5,Water,Fighting,Mythical,,,91,72,90,129,90,108,580
648,Meloetta(Aria),5,Normal,Psychic,Mythical,,,100,77,77,128,128,90,600
648,Meloetta(Pirouette),5,Normal,Fighting,Mythical,,,100,128,90,77,77,128,600
649,Genesect,5,Bug,Steel,Mythical,,,71,120,95,120,95,99,600
650,Chespin,6,Grass,,Ordinary,,,56,61,65,48,45,38,313
651,Quilladin,6,Grass,,Ordinary,,,61,78,95,56,58,57,405
652,Chesnaught,6,Grass,Fighting,Ordinary,,,88,107,122,74,75,64,530
653,Fennekin,6,Fire,,Ordinary,,,40,45,40,62,60,60,307
654,Braixen,6,Fire,,Ordinary,,,59,59,58,90,70,73,409
655,Delphox,6,Fire,Psychic,Ordinary,,,75,69,72,114,100,104,534
656,Froakie,6,Water,,Ordinary,,,41,56,40,62,44,71,314
657,Frogadier,6,Water,,Ordinary,,,54,63,52,83,56,97,405
658,Greninja,6,Water,Dark,Ordinary,,,72,95,67,103,71,122,530
658,Greninja(Ash),6,Water,Dark,Ordinary,,,72,145,67,153,71,132,640
659,Bunnelby,6,Normal,,Ordinary,,,38,36,38,32,36,57,237
660,Diggersby,6,Normal,Ground,Ordinary,,,85,56,77,50,77,78,423
661,Fletchling,6,Normal,Flying,Ordinary,,,45,50,43,40,38,62,278
662,Fletchinder,6,Fire,Flying,Ordinary,,,62,73,55,56,52,84,382
663,Talonflame,6,Fire,Flying,Ordinary,,,78,81,71,74,69,126,499
664,Scatterbug,6,Bug,,Ordinary,,,38,35,40,27,25,35,200
665,Spewpa,6,Bug,,Ordinary,,,45,22,60,27,30,29,213
666,Vivillon(Archipelago),6,Bug,Flying,Ordinary,,,80,52,50,90,50,89,411
666,Vivillon(Continental),6,Bug,Flying,Ordinary,,,80,52,50,90,50,89,411
666,Vivillon(Elegant),6,Bug,Flying,Ordinary,,,80,52,50,90,50,89,411
666,Vivillon(Fancy),6,Bug,Flying,Ordinary,,,80,52,50,90,50,89,411
666,Vivillon(Garden),6,Bug,Flying,Ordinary,,,80,52,50,90,50,89,411
666,Vivillon(High Plains),6,Bug,Flying,Ordinary,,,80,52,50,90,50,89,411
666,Vivillon(Icy Snow),6,Bug,Flying,Ordinary,,,80,52,50,90,50,89,411
666,Vivillon(Jungle),6,Bug,Flying,Ordinary,,,80,52,50,90,50,89,411
666,Vivillon(Marine),6,Bug,Flying,Ordinary,,,80,52,50,90,50,89,411
666,Vivillon(Meadow),6,Bug,Flying,Ordinary,,,80,52,50,90,50,89,411
666,Vivillon(Modern),6,Bug,Flying,Ordinary,,,80,52,50,90,50,89,411
666,Vivillon(Monsoon),6,Bug,Flying,Ordinary,,,80,52,50,90,50,89,411
666,Vivillon(Ocean),6,Bug,Flying,Ordinary,,,80,52,50,90,50,89,411
666,Vivillon(Pokeball),6,Bug,Flying,Ordinary,,,80,52,50,90,50,89,411
666,Vivillon(Polar),6,Bug,Flying,Ordinary,,,80,52,50,90,50,89,411
666,Vivillon(River),6,Bug,Flying,Ordinary,,,80,52,50,90,50,89,411
666,Vivillon(Sandstorm),6,Bug,Flying,Ordinary,,,80,52,50,90,50,89,411
666,Vivillon(Savanna),6,Bug,Flying,Ordinary,,,80,52,50,90,50,89,411
666,Vivillon(Sun),6,Bug,Flying,Ordinary,,,80,52,50,90,50,89,411
666,Vivillon(Tundra),6,Bug,Flying,Ordinary,,,80,52,50,90,50,89,411
667,Litleo,6,Fire,Normal,Ordinary,,,62,50,58,73,54,72,369
668,Pyroar,6,Fire,Normal,Ordinary,,,86,68,72,109,66,106,507
669,Flabebe,6,Fairy,,Ordinary,,,44,38,39,61,79,42,303
670,Floette,6,Fairy,,Ordinary,,,54,45,47,75,98,52,371
671,Florges,6,Fairy,,Ordinary,,,78,65,68,112,154,75,552
672,Skiddo,6,Grass,,Ordinary,,,66,65,48,62,57,52,350
673,Gogoat,6,Grass,,Ordinary,,,123,100,62,97,81,68,531
674,Pancham,6,Fighting,,Ordinary,,,67,82,62,46,48,43,348
675,Pangoro,6,Fighting,Dark,Ordinary,,,95,124,78,69,71,58,495
676,Furfrou,6,Normal,,Ordinary,,,75,80,60,65,90,102,472
677,Espurr,6,Psychic,,Ordinary,,,62,48,54,63,60,68,355
678,Meowstic M,6,Psychic,,Ordinary,,,74,48,76,83,81,104,466
678,Meowstic F,6,Psychic,,Ordinary,,,74,48,76,83,81,104,466
679,Honedge,6,Steel,Ghost,Ordinary,,,45,80,100,35,37,28,325
680,Doublade,6,Steel,Ghost,Ordinary,,,59,110,150,45,49,35,448
681,Aegislash(Shield),6,Steel,Ghost,Ordinary,,,60,50,140,50,140,60,500
681,Aegislash(Blade),6,Steel,Ghost,Ordinary,,,60,140,50,140,50,60,500
682,Spritzee,6,Fairy,,Ordinary,,,78,52,60,63,65,23,341
683,Aromatisse,6,Fairy,,Ordinary,,,101,72,72,99,89,29,462
684,Swirlix,6,Fairy,,Ordinary,,,62,48,66,59,57,49,341
685,Slurpuff,6,Fairy,,Ordinary,,,82,80,86,85,75,72,480
686,Inkay,6,Dark,Psychic,Ordinary,,,53,54,53,37,46,45,288
687,Malamar,6,Dark,Psychic,Ordinary,,,86,92,88,68,75,73,482
688,Binacle,6,Rock,Water,Ordinary,,,42,52,67,39,56,50,306
689,Barbaracle,6,Rock,Water,Ordinary,,,72,105,115,54,86,68,500
690,Skrelp,6,Poison,Water,Ordinary,,,50,60,60,60,60,30,320
691,Dragalge,6,Poison,Dragon,Ordinary,,,65,75,90,97,123,44,494
692,Clauncher,6,Water,,Ordinary,,,50,53,62,58,63,44,330
693,Clawitzer,6,Water,,Ordinary,,,71,73,88,120,89,59,500
694,Helioptile,6,Electric,Normal,Ordinary,,,44,38,33,61,43,70,289
695,Heliolisk,6,Electric,Normal,Ordinary,,,62,55,52,109,94,109,481
696,Tyrunt,6,Rock,Dragon,Ordinary,,,58,89,77,45,45,48,362
697,Tyrantrum,6,Rock,Dragon,Ordinary,,,82,121,119,69,59,71,521
698,Amaura,6,Rock,Ice,Ordinary,,,77,59,50,67,63,46,362
699,Aurorus,6,Rock,Ice,Ordinary,,,123,77,72,99,92,58,521
700,Sylveon,6,Fairy,,Ordinary,,,95,65,65,110,130,60,525
701,Hawlucha,6,Fighting,Flying,Ordinary,,,78,92,75,74,63,118,500
702,Dedenne,6,Electric,Fairy,Ordinary,,,67,58,57,81,67,101,431
703,Carbink,6,Rock,Fairy,Ordinary,,,50,50,150,50,150,50,500
704,Goomy,6,Dragon,,Ordinary,,,45,50,35,55,75,40,300
705,Sliggoo,6,Dragon,,Ordinary,,,68,75,53,83,113,60,452
705,Sliggoo(Hisuian),8,Steel,Dragon,Ordinary,,Hisuian,58,75,83,83,113,40,452
706,Goodra,6,Dragon,,Ordinary,,,90,100,70,110,150,80,600
706,Goodra(Hisuian),8,Steel,Dragon,Ordinary,,Hisuian,80,100,100,110,150,60,600
707,Klefki,6,Steel,Fairy,Ordinary,,,57,80,91,80,87,75,470
708,Phantump,6,Ghost,Grass,Ordinary,,,43,70,48,50,60,38,309
709,Trevenant,6,Ghost,Grass,Ordinary,,,85,110,76,65,82,56,474
710,Pumpkaboo(Average Size),6,Ghost,Grass,Ordinary,,,49,66,70,44,55,51,335
710,Pumpkaboo(Small Size),6,Ghost,Grass,Ordinary,,,44,66,70,44,55,56,335
710,Pumpkaboo(Large Size),6,Ghost,Grass,Ordinary,,,54,66,70,44,55,46,335
710,Pumpkaboo(Super Size),6,Ghost,Grass,Ordinary,,,59,66,70,44,55,41,335
711,Gourgeist(Average Size),6,Ghost,Grass,Ordinary,,,65,90,122,58,75,84,494
711,Gourgeist(Small Size),6,Ghost,Grass,Ordinary,,,55,85,122,58,75,99,494
711,Gourgeist(Large Size),6,Ghost,Grass,Ordinary,,,75,95,122,58,75,69,494
711,Gourgeist(Super Size),6,Ghost,Grass,Ordinary,,,85,100,122,58,75,54,494
712,Bergmite,6,Ice,,Ordinary,,,55,69,85,32,35,28,304
713,Avalugg,6,Ice,,Ordinary,,,95,117,184,44,46,28,514
713,Avalugg(Hisuian),8,Ice,Rock,Ordinary,,Hisuian,95,127,184,34,36,38,514
714,Noibat,6,Flying,Dragon,Ordinary,,,40,30,35,45,40,55,245
715,Noivern,6,Flying,Dragon,Ordinary,,,85,70,80,97,80,123,535
716,Xerneas,6,Fairy,,Legendary,,,126,131,95,131,98,99,680
717,Yveltal,6,Dark,Flying,Legendary,,,126,131,95,131,98,99,680
718,Zygarde(50% Forme),6,Dragon,Ground,Legendary,,,108,100,121,81,95,95,600
718,Zygarde(10% Forme),6,Dragon,Ground,Legendary,,,54,100,71,61,85,115,486
718,Zygarde(Complete),6,Dragon,Ground,Legendary,,,216,100,121,91,95,85,708
719,Diancie,6,Rock,Fairy,Mythical,,,50,100,150,100,150,50,600
719,Diancie(Mega EV),6,Rock,Fairy,Mythical,Mega,,50,160,110,160,110,110,700
720,Hoopa(Comfined),6,Psychic,Ghost,Mythical,,,80,110,60,150,130,70,600
720,Hoopa(Inbound),6,Psychic,Dark,Mythical,,,80,160,60,170,130,80,680
721,Volcanion,6,Fire,Water,Mythical,,,80,110,120,130,90,70,600
722,Rowlet,7,Grass,Flying,Ordinary,,,68,55,55,50,50,42,320
723,Dartrix,7,Grass,Flying,Ordinary,,,78,75,75,70,70,52,420
724,Decidueye,7,Grass,Ghost,Ordinary,,,78,107,75,100,100,70,530
724,Decidueye(Hisuian),8,Grass,Fighting,Ordinary,,Hisuian,88,112,80,95,95,60,530
725,Litten,7,Fire,,Ordinary,,,45,65,40,60,40,70,320
726,Torracat,7,Fire,,Ordinary,,,65,85,50,80,50,90,420
727,Incineroar,7,Fire,Dark,Ordinary,,,95,115,90,80,90,60,530
728,Popplio,7,Water,,Ordinary,,,50,54,54,66,56,40,320
729,Brionne,7,Water,,Ordinary,,,60,69,69,91,81,50,420
730,Primarina,7,Water,Fairy,Ordinary,,,80,74,74,126,116,60,530
731,Pikipek,7,Normal,Flying,Ordinary,,,35,75,30,30,30,65,265
732,Trumbeak,7,Normal,Flying,Ordinary,,,55,85,50,40,50,75,355
733,Toucannon,7,Normal,Flying,Ordinary,,,80,120,75,75,75,60,485
734,Yungoos,7,Normal,,Ordinary,,,48,70,30,30,30,45,253
735,Gumshoos,7,Normal,,Ordinary,,,88,110,60,55,60,45,418
736,Grubbin,7,Bug,,Ordinary,,,47,62,45,55,45,46,300
737,Charjabug,7,Bug,Electric,Ordinary,,,57,82,95,55,75,36,400
738,Vikavolt,7,Bug,Electric,Ordinary,,,77,70,90,145,75,43,500
739,Crabrawler,7,Fighting,,Ordinary,,,47,82,57,42,47,63,338
740,Crabominable,7,Fighting,Ice,Ordinary,,,97,132,77,62,67,43,478
741,Oricorio(Baile),7,Fire,Flying,Ordinary,,,75,70,70,98,70,93,476
741,Oricorio(Pom-Pom),7,Electric,Flying,Ordinary,,,75,70,70,98,70,93,476
741,Oricorio(Pa'u),7,Psychic,Flying,Ordinary,,,75,70,70,98,70,93,476
741,Oricorio(Sensu),7,Ghost,Flying,Ordinary,,,75,70,70,98,70,93,476
742,Cutiefly,7,Bug,Fairy,Ordinary,,,40,45,40,55,40,84,304
743,Ribombee,7,Bug,Fairy,Ordinary,,,60,55,60,95,70,124,464
744,Rockruff,7,Rock,,Ordinary,,,45,65,40,30,40,60,280
745,Lycanroc(Midday),7,Rock,,Ordinary,,,75,115,65,55,65,112,487
745,Lycanroc(Midnight),7,Rock,,Ordinary,,,85,115,75,55,75,82,487
745,Lycanroc(Dusk),7,Rock,,Ordinary,,,75,117,65,55,65,110,487
746,Wishiwashi(Solo),7,Water,,Ordinary,,,45,20,20,25,25,40,175
746,Wishiwashi(School),7,Water,,Ordinary,,,45,140,130,140,135,30,620
747,Mareanie,7,Poison,Water,Ordinary,,,50,53,62,43,52,45,305
748,Toxapex,7,Poison,Water,Ordinary,,,50,63,152,53,142,35,495
749,Mudbray,7,Ground,,Ordinary,,,70,100,70,45,55,45,385
750,Mudsdale,7,Ground,,Ordinary,,,100,125,100,55,85,35,500
751,Dewpider,7,Water,Bug,Ordinary,,,38,40,52,40,72,27,269
752,Araquanid,7,Water,Bug,Ordinary,,,68,70,92,50,132,42,454
753,Fomantis,7,Grass,,Ordinary,,,40,55,35,50,35,35,250
754,Lurantis,7,Grass,,Ordinary,,,70,105,90,80,90,45,480
755,Morelull,7,Grass,Fairy,Ordinary,,,40,35,55,65,75,15,285
756,Shiinotic,7,Grass,Fairy,Ordinary,,,60,45,80,90,100,30,405
757,Salandit,7,Poison,Fire,Ordinary,,,48,44,40,71,40,77,320
758,Salazzle,7,Poison,Fire,Ordinary,,,68,64,60,111,60,117,480
759,Stufful,7,Normal,Fighting,Ordinary,,,70,75,50,45,50,50,340
760,Bewear,7,Normal,Fighting,Ordinary,,,120,125,80,55,60,60,500
761,Bounsweet,7,Grass,,Ordinary,,,42,30,38,30,38,32,210
762,Steenee,7,Grass,,Ordinary,,,52,40,48,40,48,62,290
763,Tsareena,7,Grass,,Ordinary,,,72,120,98,50,98,72,510
764,Comfey,7,Fairy,,Ordinary,,,51,52,90,82,110,100,485
765,Oranguru,7,Normal,Psychic,Ordinary,,,90,60,80,90,110,60,490
766,Passimian,7,Fighting,,Ordinary,,,100,120,90,40,60,80,490
767,Wimpod,7,Bug,Water,Ordinary,,,25,35,40,20,30,80,230
768,Golisopod,7,Bug,Water,Ordinary,,,75,125,140,60,90,40,530
769,Sandygast,7,Ghost,Ground,Ordinary,,,55,55,80,70,45,15,320
770,Palossand,7,Ghost,Ground,Ordinary,,,85,75,110,100,75,35,480
771,Pyukumuku,7,Water,,Ordinary,,,55,60,130,30,130,5,410
772,Type: Null,7,Normal,,Legendary,,,95,95,95,95,95,59,534
773,Silvally,7,Normal,,Legendary,,,95,95,95,95,95,95,570
774,Minior(Meteor),7,Rock,Flying,Ordinary,,,60,60,100,60,100,60,440
774,Minior(Red Core),7,Rock,Flying,Ordinary,,,60,100,60,100,60,120,500
774,Minior(Orange Core),7,Rock,Flying,Ordinary,,,60,100,60,100,60,120,500
774,Minior(Yellow Core),7,Rock,Flying,Ordinary,,,60,100,60,100,60,120,500
774,Minior(Green Core),7,Rock,Flying,Ordinary,,,60,100,60,100,60,120,500
774,Minior(Blue Core),7,Rock,Flying,Ordinary,,,60,100,60,100,60,120,500
774,Minior(Indigo Core),7,Rock,Flying,Ordinary,,,60,100,60,100,60,120,500
774,Minior(Red Core),7,Rock,Flying,Ordinary,,,60,100,60,100,60,120,500
775,Komala,7,Normal,,Ordinary,,,65,115,65,75,95,65,480
776,Turtonator,7,Fire,Dragon,Ordinary,,,60,78,135,91,85,36,485
777,Togedemaru,7,Electric,Steel,Ordinary,,,65,98,63,40,73,96,435
778,Mimikyu,7,Ghost,Fairy,Ordinary,,,55,90,80,50,105,96,476
779,Bruxish,7,Water,Psychic,Ordinary,,,68,105,70,70,70,92,475
780,Drampa,7,Normal,Dragon,Ordinary,,,78,60,85,135,91,36,485
781,Dhelmise,7,Ghost,Grass,Ordinary,,,70,131,100,86,90,40,517
782,Jangmo-o,7,Dragon,,Ordinary,,,45,55,65,45,45,45,300
783,Hakamo-o,7,Dragon,Fighting,Ordinary,,,55,75,90,65,70,65,420
784,Kommo-o,7,Dragon,Fighting,Ordinary,,,75,110,125,100,105,85,600
785,Tapu Koko,7,Electric,Fairy,Legendary,,,70,115,85,95,75,130,570
786,Tapu Lele,7,Psychic,Fairy,Legendary,,,70,85,75,130,115,95,570
787,Tapu Bulu,7,Grass,Fairy,Legendary,,,70,130,115,85,95,75,570
788,Tapu Fini,7,Water,Fairy,Legendary,,,70,75,115,95,130,85,570
789,Cosmog,7,Psychic,,Legendary,,,43,29,31,29,31,37,200
790,Cosmoem,7,Psychic,,Legendary,,,43,29,131,29,131,37,400
791,Solgaleo,7,Psychic,Steel,Legendary,,,137,137,107,113,89,97,680
792,Lunala,7,Psychic,Ghost,Legendary,,,137,113,89,137,107,97,680
793,Nihilego,7,Rock,Poison,Legendary,,,109,53,47,127,131,103,570
794,Buzzwole,7,Bug,Fighting,Legendary,,,107,139,139,53,53,79,570
795,Pheromosa,7,Bug,Fighting,Legendary,,,71,137,37,137,37,151,570
796,Xurkitree,7,Electric,,Legendary,,,83,89,71,173,71,83,570
797,Celesteela,7,Steel,Flying,Legendary,,,97,101,103,107,101,61,570
798,Kartana,7,Grass,Steel,Legendary,,,59,181,131,59,31,109,570
799,Guzzlord,7,Dark,Dragon,Legendary,,,223,101,53,97,53,43,570
800,Necrozma,7,Psychic,,Legendary,,,97,107,101,127,89,79,600
800,Necrozma(Dusk Mane),7,Psychic,Steel,Legendary,,,97,157,127,113,109,77,680
800,Necrozma(Dawn Wings),7,Psychic,Ghost,Legendary,,,97,113,109,157,127,77,680
800,Necrozma(Ultra),7,Psychic,Dragon,Legendary,,,97,167,97,167,97,129,754
801,Magearna,7,Steel,Fairy,Mythical,,,80,95,115,130,115,65,600
801,Magearna(Original Color),7,Steel,Fairy,Mythical,,,80,95,115,130,115,65,600
802,Marshadow,7,Fighting,Ghost,Mythical,,,90,125,80,90,90,125,600
803,Poipole,7,Poison,,Legendary,,,67,73,67,73,67,73,420
804,Naganadel,7,Poison,Dragon,Legendary,,,73,73,73,127,73,121,540
805,Stakataka,7,Rock,Steel,Legendary,,,61,131,211,53,101,13,570
806,Blacephalon,7,Fire,Ghost,Legendary,,,53,127,53,151,79,107,570
807,Zeraora,7,Electric,,Mythical,,,88,112,75,102,80,143,600
808,Meltan,7,Steel,,Mythical,,,46,65,65,55,35,34,300
809,Melmetal,7,Steel,,Mythical,,,135,143,143,80,65,34,600
810,Grookey,8,Grass,,Ordinary,,,50,65,50,40,40,65,310
811,Thwackey,8,Grass,,Ordinary,,,70,85,70,55,60,80,420
812,Rillaboom,8,Grass,,Ordinary,,,100,125,90,60,70,85,530
813,Scorbunny,8,Fire,,Ordinary,,,50,71,40,40,40,69,310
814,Raboot,8,Fire,,Ordinary,,,65,86,60,55,60,94,420
815,Cinderace,8,Fire,,Ordinary,,,80,116,75,65,75,119,530
816,Sobble,8,Water,,Ordinary,,,50,40,40,70,40,70,310
817,Drizzile,8,Water,,Ordinary,,,65,60,55,95,55,90,420
818,Inteleon,8,Water,,Ordinary,,,70,85,65,125,65,120,530
819,Skwovet,8,Normal,,Ordinary,,,70,55,55,35,35,25,275
820,Greedent,8,Normal,,Ordinary,,,120,95,95,55,75,20,460
821,Rookidee,8,Flying,,Ordinary,,,38,47,35,33,35,57,245
822,Corvisquire,8,Flying,,Ordinary,,,68,67,55,43,55,77,365
823,Corviknight,8,Flying,Steel,Ordinary,,,98,87,105,53,85,67,495
824,Blipbug,8,Bug,,Ordinary,,,25,20,20,25,45,45,180
825,Dottler,8,Bug,Psychic,Ordinary,,,50,35,80,50,90,30,335
826,Orbeetle,8,Bug,Psychic,Ordinary,,,60,45,110,80,120,90,505
827,Nickit,8,Dark,,Ordinary,,,40,28,28,47,52,50,245
828,Thievul,8,Dark,,Ordinary,,,70,58,58,87,92,90,455
829,Gossifleur,8,Grass,,Ordinary,,,40,40,60,40,60,10,250
830,Eldegoss,8,Grass,,Ordinary,,,60,50,90,80,120,60,460
831,Wooloo,8,Normal,,Ordinary,,,42,40,55,40,45,48,270
832,Dubwool,8,Normal,,Ordinary,,,72,80,100,60,90,88,490
833,Chewtle,8,Water,,Ordinary,,,50,64,50,38,38,44,284
834,Drednaw,8,Water,Rock,Ordinary,,,90,115,90,48,68,74,485
835,Yamper,8,Electric,,Ordinary,,,59,45,50,40,50,26,270
836,Boltund,8,Electric,,Ordinary,,,69,90,60,90,60,121,490
837,Rolycoly,8,Rock,,Ordinary,,,30,40,50,40,50,30,240
838,Carkol,8,Rock,Fire,Ordinary,,,80,60,90,60,70,50,410
839,Coalossal,8,Rock,Fire,Ordinary,,,110,80,120,80,90,30,510
840,Applin,8,Grass,Dragon,Ordinary,,,40,40,80,40,40,20,260
841,Flapple,8,Grass,Dragon,Ordinary,,,70,110,80,95,60,70,485
842,Appletun,8,Grass,Dragon,Ordinary,,,110,85,80,100,80,30,485
843,Silicobra,8,Ground,,Ordinary,,,52,57,75,35,50,46,315
844,Sandaconda,8,Ground,,Ordinary,,,72,107,125,65,70,71,510
845,Cramorant,8,Flying,Water,Ordinary,,,70,85,55,85,95,85,475
846,Arrokuda,8,Water,,Ordinary,,,41,63,40,40,30,66,280
847,Barraskewda,8,Water,,Ordinary,,,61,123,60,60,50,136,490
848,Toxel,8,Electric,Poison,Ordinary,,,40,38,35,54,35,40,242
849,Toxtricity(Amped),8,Electric,Poison,Ordinary,,,75,98,70,114,70,75,502
849,Toxtricity(Low Key),8,Electric,Poison,Ordinary,,,75,98,70,114,70,75,502
850,Sizzlipede,8,Fire,Bug,Ordinary,,,50,65,45,50,50,45,305
851,Centiskorch,8,Fire,Bug,Ordinary,,,100,115,65,90,90,65,525
852,Clobbopus,8,Fighting,,Ordinary,,,50,68,60,50,50,32,310
853,Grapploct,8,Fighting,,Ordinary,,,80,118,90,70,80,42,480
854,Sinistea,8,Ghost,,Ordinary,,,40,45,45,74,54,50,308
855,Polteageist,8,Ghost,,Ordinary,,,60,65,65,134,114,70,508
856,Hatenna,8,Psychic,,Ordinary,,,42,30,45,56,53,39,265
857,Hattrem,8,Psychic,,Ordinary,,,57,40,65,86,73,49,370
858,Hatterene,8,Psychic,Fairy,Ordinary,,,57,90,95,136,103,29,510
859,Impidimp,8,Dark,Fairy,Ordinary,,,45,45,30,55,40,50,265
860,Morgrem,8,Dark,Fairy,Ordinary,,,65,60,45,75,55,70,370
861,Grimmsnarl,8,Dark,Fairy,Ordinary,,,95,120,65,95,75,60,510
862,Obstagoon,8,Dark,Normal,Ordinary,,,93,90,101,60,81,95,520
863,Perrserker,8,Steel,,Ordinary,,,70,110,100,50,60,50,440
864,Cursola,8,Ghost,,Ordinary,,,60,95,50,145,130,30,510
865,Sirfetch'd,8,Fighting,,Ordinary,,,62,135,95,68,82,65,507
866,Mr. Rime,8,Ice,Psychic,Ordinary,,,80,85,75,110,100,70,520
867,Runerigus,8,Ground,Ghost,Ordinary,,,58,95,145,50,105,30,483
868,Milcery,8,Fairy,,Ordinary,,,45,40,40,50,61,34,270
869,Alcremie(Vanilla Cream),8,Fairy,,Ordinary,,,65,60,75,110,121,64,495
869,Alcremie(Ruby Cream),8,Fairy,,Ordinary,,,65,60,75,110,121,64,495
869,Alcremie(Matcha Cream),8,Fairy,,Ordinary,,,65,60,75,110,121,64,495
869,Alcremie(Mint Cream),8,Fairy,,Ordinary,,,65,60,75,110,121,64,495
869,Alcremie(Lemon Cream),8,Fairy,,Ordinary,,,65,60,75,110,121,64,495
869,Alcremie(Salted Cream),8,Fairy,,Ordinary,,,65,60,75,110,121,64,495
869,Alcremie(Ruby Swirl),8,Fairy,,Ordinary,,,65,60,75,110,121,64,495
869,Alcremie(Caramel Swirl),8,Fairy,,Ordinary,,,65,60,75,110,121,64,495
869,Alcremie(Rainbow Swirl),8,Fairy,,Ordinary,,,65,60,75,110,121,64,495
870,Falinks,8,Fighting,,Ordinary,,,65,100,100,70,60,75,470
871,Pincurchin,8,Electric,,Ordinary,,,48,101,95,91,85,15,435
872,Snom,8,Ice,Bug,Ordinary,,,30,25,35,45,30,20,185
873,Frosmoth,8,Ice,Bug,Ordinary,,,70,65,60,125,90,65,475
874,Stonjourner,8,Rock,,Ordinary,,,100,125,135,20,20,70,470
875,Eiscue(Ice Face),8,Ice,,Ordinary,,,75,80,110,65,90,50,470
875,Eiscue(Noice Face),8,Ice,,Ordinary,,,75,80,70,65,50,130,470
876,Indeedee M,8,Psychic,Normal,Ordinary,,,60,65,55,105,95,95,475
876,Indeedee F,8,Psychic,Normal,Ordinary,,,70,55,65,95,105,85,475
877,Morpeko(Full Berry),8,Electric,Dark,Ordinary,,,58,95,58,70,58,97,436
877,Morpeko(Hangry),8,Electric,Dark,Ordinary,,,58,95,58,70,58,97,436
878,Cufant,8,Steel,,Ordinary,,,72,80,49,40,49,40,330
879,Copperajah,8,Steel,,Ordinary,,,122,130,69,80,69,30,500
880,Dracozolt,8,Electric,Dragon,Ordinary,,,90,100,90,80,70,75,505
881,Arctozolt,8,Electric,Ice,Ordinary,,,90,100,90,90,80,55,505
882,Dracovish,8,Water,Dragon,Ordinary,,,90,90,100,70,80,75,505
883,Arctovish,8,Water,Ice,Ordinary,,,90,90,100,80,90,55,505
884,Duraludon,8,Steel,Dragon,Ordinary,,,70,95,115,120,50,85,535
885,Dreepy,8,Dragon,Ghost,Ordinary,,,28,60,30,40,30,82,270
886,Drakloak,8,Dragon,Ghost,Ordinary,,,68,80,50,60,50,102,410
887,Dragapult,8,Dragon,Ghost,Ordinary,,,88,120,75,100,75,142,600
888,Zacian,8,Fairy,,Legendary,,,92,130,115,80,115,138,670
888,Zacian(Crowned),8,Fairy,Steel,Legendary,,,92,170,115,80,115,148,720
889,Zamazenta,8,Fighting,,Legendary,,,92,130,115,80,115,138,670
889,Zamazenta(Crowned),8,Fighting,Steel,Legendary,,,92,130,145,80,145,128,720
890,Eternatus,8,Poison,Dragon,Legendary,,,140,85,95,145,95,130,690
890,Eternatus(Eternamax),8,Poison,Dragon,Legendary,,,255,115,250,125,250,130,1125
891,Kubfu,8,Fighting,,Legendary,,,60,90,60,53,50,72,385
892,Urshifu(Single Strike),8,Fighting,Dark,Legendary,,,100,130,100,63,60,97,550
892,Urshifu(Rapid Strike),8,Fighting,Water,Legendary,,,100,130,100,63,60,97,550
893,Zarude,8,Dark,Grass,Mythical,,,105,120,105,70,95,105,600
894,Regieleki,8,Electric,,Legendary,,,80,100,50,100,50,200,580
895,Regidrago,8,Dragon,,Legendary,,,200,100,50,100,50,80,580
896,Glastrier,8,Ice,,Legendary,,,100,145,130,65,110,30,580
897,Spectrier,8,Ghost,,Legendary,,,100,65,60,145,80,130,580
898,Calyrex,8,Psychic,Grass,Legendary,,,100,80,80,80,80,80,500
898,Calyrex(Ice Rider),8,Psychic,Ice,Legendary,,,100,165,150,85,130,50,680
898,Calyrex(Shadow Rider),8,Psychic,Ghost,Legendary,,,100,85,80,165,100,150,680
899,Wyrdeer,8,Normal,Psychic,Ordinary,,Hisuian,103,105,72,105,75,65,525
900,Kleavor,8,Bug,Rock,Ordinary,,Hisuian,70,135,95,45,70,85,500
901,Ursaluna,8,Ground,Normal,Ordinary,,Hisuian,130,140,105,45,80,50,550
902,Basculegion(Male),8,Water,Ghost,Ordinary,,Hisuian,120,112,65,80,75,78,530
902,Basculegion(Female),8,Water,Ghost,Ordinary,,Hisuian,120,92,65,100,75,78,530
903,Sneasler,8,Poison,Fighting,Ordinary,,Hisuian,80,130,60,40,80,120,510
904,Overqwil,8,Dark,Poison,Ordinary,,Hisuian,85,115,95,65,65,85,510
905,Enamorus(Incarnate),8,Fairy,Flying,Legendary,,Hisuian,74,115,70,135,80,106,580
905,Enamorus(Therian),8,Fairy,Flying,Legendary,,Hisuian,74,115,110,135,100,46,580
