geo,name,World bank region,Color
afg,Afghanistan,South Asia,#A52A2A
alb,Albania,Europe & Central Asia,#72A0C1
dza,Algeria,Middle East & North Africa,#568203
and,Andorra,Europe & Central Asia,#72A0C1
ago,Angola,Sub-Saharan Africa,#FFC72C
atg,Antigua and Barbuda,Latin America & Caribbean,#4B0082
arg,Argentina,Latin America & Caribbean,#4B0082
arm,Armenia,Europe & Central Asia,#72A0C1
aus,Australia,East Asia & Pacific,#F9629F
aut,Austria,Europe & Central Asia,#72A0C1
aze,Azerbaijan,Europe & Central Asia,#72A0C1
bhs,Bahamas,Latin America & Caribbean,#4B0082
bhr,Bahrain,Middle East & North Africa,#568203
bgd,Bangladesh,South Asia,#A52A2A
brb,Barbados,Latin America & Caribbean,#4B0082
blr,Belarus,Europe & Central Asia,#72A0C1
bel,Belgium,Europe & Central Asia,#72A0C1
blz,Belize,Latin America & Caribbean,#4B0082
ben,Benin,Sub-Saharan Africa,#FFC72C
btn,Bhutan,South Asia,#A52A2A
bol,Bolivia,Latin America & Caribbean,#4B0082
bih,Bosnia and Herzegovina,Europe & Central Asia,#72A0C1
bwa,Botswana,Sub-Saharan Africa,#FFC72C
bra,Brazil,Latin America & Caribbean,#4B0082
brn,Brunei Darussalam,East Asia & Pacific,#F9629F
bgr,Bulgaria,Europe & Central Asia,#72A0C1
bfa,Burkina Faso,Sub-Saharan Africa,#FFC72C
bdi,Burundi,Sub-Saharan Africa,#FFC72C
khm,Cambodia,East Asia & Pacific,#F9629F
cmr,Cameroon,Sub-Saharan Africa,#FFC72C
can,Canada,North America,#EE82EE
cpv,Cape Verde,Sub-Saharan Africa,#FFC72C
caf,Central African Republic,Sub-Saharan Africa,#FFC72C
tcd,Chad,Sub-Saharan Africa,#FFC72C
chl,Chile,Latin America & Caribbean,#4B0082
chn,China,East Asia & Pacific,#F9629F
col,Colombia,Latin America & Caribbean,#4B0082
com,Comoros,Sub-Saharan Africa,#FFC72C
cod,"Congo, Dem. Rep.",Sub-Saharan Africa,#FFC72C
cog,"Congo, Rep.",Sub-Saharan Africa,#FFC72C
cri,Costa Rica,Latin America & Caribbean,#4B0082
civ,Cote d'Ivoire,Sub-Saharan Africa,#FFC72C
hrv,Croatia,Europe & Central Asia,#72A0C1
cub,Cuba,Latin America & Caribbean,#4B0082
cyp,Cyprus,Europe & Central Asia,#72A0C1
cze,Czech Republic,Europe & Central Asia,#72A0C1
dnk,Denmark,Europe & Central Asia,#72A0C1
dji,Djibouti,Middle East & North Africa,#568203
dma,Dominican Republic,Latin America & Caribbean,#4B0082
dom,Dominican Republic,Latin America & Caribbean,#4B0082
ecu,Ecuador,Latin America & Caribbean,#4B0082
egy,"Egypt, Arab Rep.",Middle East & North Africa,#568203
slv,El Salvador,Latin America & Caribbean,#4B0082
gnq,Equatorial Guinea,Sub-Saharan Africa,#FFC72C
eri,Eritrea,Sub-Saharan Africa,#FFC72C
est,Estonia,Europe & Central Asia,#72A0C1
eth,Ethiopia,Sub-Saharan Africa,#FFC72C
fji,Fiji,East Asia & Pacific,#F9629F
fin,Finland,Europe & Central Asia,#72A0C1
fra,France,Europe & Central Asia,#72A0C1
gab,Gabon,Sub-Saharan Africa,#FFC72C
gmb,Gambia,Sub-Saharan Africa,#FFC72C
geo,Georgia,Europe & Central Asia,#72A0C1
deu,Germany,Europe & Central Asia,#72A0C1
gha,Ghana,Sub-Saharan Africa,#FFC72C
grc,Greece,Europe & Central Asia,#72A0C1
grd,Grenada,Latin America & Caribbean,#4B0082
gtm,Guatemala,Latin America & Caribbean,#4B0082
gin,Guinea,Sub-Saharan Africa,#FFC72C
gnb,Guinea-Bissau,Sub-Saharan Africa,#FFC72C
guy,Guyana,Latin America & Caribbean,#4B0082
hti,Haiti,Latin America & Caribbean,#4B0082
hos,Holy See,Europe & Central Asia,#72A0C1
hnd,Honduras,Latin America & Caribbean,#4B0082
hkg,"Hong Kong, China",East Asia & Pacific,#F9629F
hun,Hungary,Europe & Central Asia,#72A0C1
isl,Iceland,Europe & Central Asia,#72A0C1
ind,India,South Asia,#A52A2A
idn,Indonesia,East Asia & Pacific,#F9629F
irn,Iran,Middle East & North Africa,#568203
irq,Iraq,Middle East & North Africa,#568203
irl,Ireland,Europe & Central Asia,#72A0C1
isr,Israel,Middle East & North Africa,#568203
ita,Italy,Europe & Central Asia,#72A0C1
jam,Jamaica,Latin America & Caribbean,#4B0082
jpn,Japan,East Asia & Pacific,#F9629F
jor,Jordan,Middle East & North Africa,#568203
kaz,Kazakhstan,Europe & Central Asia,#72A0C1
ken,Kenya,Sub-Saharan Africa,#FFC72C
kir,Kiribati,East Asia & Pacific,#F9629F
prk,North Korea,East Asia & Pacific,#F9629F
kor,South Korea,East Asia & Pacific,#F9629F
kwt,Kuwait,Middle East & North Africa,#568203
kgz,Kyrgyz Republic,Europe & Central Asia,#72A0C1
lao,Lao,East Asia & Pacific,#F9629F
lva,Latvia,Europe & Central Asia,#72A0C1
lbn,Lebanon,Middle East & North Africa,#568203
lso,Lesotho,Sub-Saharan Africa,#FFC72C
lbr,Liberia,Sub-Saharan Africa,#FFC72C
lby,Libya,Middle East & North Africa,#568203
lie,Liechtenstein,Europe & Central Asia,#72A0C1
ltu,Lithuania,Europe & Central Asia,#72A0C1
lux,Luxembourg,Europe & Central Asia,#72A0C1
mkd,"Macedonia, FYR",Europe & Central Asia,#72A0C1
mdg,Madagascar,Sub-Saharan Africa,#FFC72C
mwi,Malawi,Sub-Saharan Africa,#FFC72C
mys,Malaysia,East Asia & Pacific,#F9629F
mdv,Maldives,South Asia,#A52A2A
mli,Mali,Sub-Saharan Africa,#FFC72C
mlt,Malta,Middle East & North Africa,#568203
mhl,Marshall Islands,East Asia & Pacific,#F9629F
mrt,Mauritania,Sub-Saharan Africa,#FFC72C
mus,Mauritius,Sub-Saharan Africa,#FFC72C
mex,Mexico,Latin America & Caribbean,#4B0082
fsm,"Micronesia, Fed. Sts.",East Asia & Pacific,#F9629F
mda,Moldova,Europe & Central Asia,#72A0C1
mco,Monaco,Europe & Central Asia,#72A0C1
mng,Mongolia,East Asia & Pacific,#F9629F
mne,Montenegro,Europe & Central Asia,#72A0C1
mar,Morocco,Middle East & North Africa,#568203
moz,Mozambique,Sub-Saharan Africa,#FFC72C
mmr,Myanmar,East Asia & Pacific,#F9629F
nam,Namibia,Sub-Saharan Africa,#FFC72C
nru,Nauru,East Asia & Pacific,#F9629F
npl,Nepal,South Asia,#A52A2A
nld,Netherlands,Europe & Central Asia,#72A0C1
nzl,New Zealand,East Asia & Pacific,#F9629F
nic,Nicaragua,Latin America & Caribbean,#4B0082
ner,Niger,Sub-Saharan Africa,#FFC72C
nga,Nigeria,Sub-Saharan Africa,#FFC72C
nor,Norway,Europe & Central Asia,#72A0C1
omn,Oman,Middle East & North Africa,#568203
pak,Pakistan,South Asia,#A52A2A
plw,Palau,East Asia & Pacific,#F9629F
pan,Panama,Latin America & Caribbean,#4B0082
png,Papua New Guinea,East Asia & Pacific,#F9629F
pry,Paraguay,Latin America & Caribbean,#4B0082
per,Peru,Latin America & Caribbean,#4B0082
phl,Philippines,East Asia & Pacific,#F9629F
pol,Poland,Europe & Central Asia,#72A0C1
prt,Portugal,Europe & Central Asia,#72A0C1
qat,Qatar,Middle East & North Africa,#568203
rou,Romania,Europe & Central Asia,#72A0C1
rus,Russia,Europe & Central Asia,#72A0C1
rwa,Rwanda,Sub-Saharan Africa,#FFC72C
kna,St. Kitts and Nevis,Latin America & Caribbean,#4B0082
lca,St. Lucia,Latin America & Caribbean,#4B0082
vct,St. Vincent and the Grenadines,Latin America & Caribbean,#4B0082
wsm,Samoa,East Asia & Pacific,#F9629F
smr,San Marino,Europe & Central Asia,#72A0C1
stp,Sao Tome and Principe,Sub-Saharan Africa,#FFC72C
sau,Saudi Arabia,Middle East & North Africa,#568203
sen,Senegal,Sub-Saharan Africa,#FFC72C
srb,Serbia,Europe & Central Asia,#72A0C1
syc,Seychelles,Sub-Saharan Africa,#FFC72C
sle,Sierra Leone,Sub-Saharan Africa,#FFC72C
sgp,Singapore,East Asia & Pacific,#F9629F
svk,Slovak Republic,Europe & Central Asia,#72A0C1
svn,Slovenia,Europe & Central Asia,#72A0C1
slb,Solomon Islands,East Asia & Pacific,#F9629F
som,Somalia,Sub-Saharan Africa,#FFC72C
zaf,South Africa,Sub-Saharan Africa,#FFC72C
esp,Spain,Europe & Central Asia,#72A0C1
lka,Sri Lanka,South Asia,#A52A2A
sdn,Sudan,Sub-Saharan Africa,#FFC72C
sur,Suriname,Latin America & Caribbean,#4B0082
swz,Swaziland,Sub-Saharan Africa,#FFC72C
swe,Sweden,Europe & Central Asia,#72A0C1
che,Switzerland,Europe & Central Asia,#72A0C1
syr,Syria,Middle East & North Africa,#568203
twn,Taiwan,East Asia & Pacific,#F9629F
tjk,Tajikistan,Europe & Central Asia,#72A0C1
tza,Tanzania,Sub-Saharan Africa,#FFC72C
tha,Thailand,East Asia & Pacific,#F9629F
tls,Timor-Leste,East Asia & Pacific,#F9629F
tgo,Togo,Sub-Saharan Africa,#FFC72C
ton,Tonga,East Asia & Pacific,#F9629F
tto,Trinidad and Tobago,Latin America & Caribbean,#4B0082
tun,Tunisia,Middle East & North Africa,#568203
tur,Turkey,Europe & Central Asia,#72A0C1
tkm,Turkmenistan,Europe & Central Asia,#72A0C1
tuv,Tuvalu,East Asia & Pacific,#F9629F
uga,Uganda,Sub-Saharan Africa,#FFC72C
ukr,Ukraine,Europe & Central Asia,#72A0C1
are,United Arab Emirates,Middle East & North Africa,#568203
gbr,United Kingdom,Europe & Central Asia,#72A0C1
usa,United States,North America,#EE82EE
ury,Uruguay,Latin America & Caribbean,#4B0082
uzb,Uzbekistan,Europe & Central Asia,#72A0C1
vut,Vanuatu,East Asia & Pacific,#F9629F
ven,Venezuela,Latin America & Caribbean,#4B0082
pse,Palestine,Middle East & North Africa,#568203
vnm,Vietnam,East Asia & Pacific,#F9629F
yem,Yemen,Middle East & North Africa,#568203
zmb,Zambia,Sub-Saharan Africa,#FFC72C
zwe,Zimbabwe,Sub-Saharan Africa,#FFC72C
ssd,South Sudan,Sub-Saharan Africa,#FFC72C